"MGRS_10km","n.taxa","n.neigh","ratio","diff"
"29SQA26",23,370,15.0869565217391,347
"29SNC43",348,809,1.32471264367816,461
"29SNC42",155,753,3.85806451612903,598
"29SQA28",104,756,6.26923076923077,652
"29SNC45",254,734,1.88976377952756,480
"29SQA27",2,567,282.5,565
"29SNC44",387,824,1.12919896640827,437
"29SNC47",172,643,2.73837209302326,471
"29SQA29",592,862,0.456081081081081,270
"29SNC46",129,666,4.16279069767442,537
"29SNC49",142,602,3.23943661971831,460
"29SNC48",301,675,1.24252491694352,374
"29SNC41",112,585,4.22321428571429,473
"29SNC40",73,437,4.98630136986301,364
"29SNC39",121,620,4.12396694214876,499
"29SNC76",324,732,1.25925925925926,408
"29SNC75",335,675,1.01492537313433,340
"29SNC78",148,653,3.41216216216216,505
"29SNC77",340,707,1.07941176470588,367
"29SQA19",183,819,3.47540983606557,636
"29SNC79",151,485,2.21192052980132,334
"29SNC70",50,618,11.36,568
"29SNC72",273,821,2.00732600732601,548
"29SNC71",248,728,1.93548387096774,480
"29SNC74",161,767,3.7639751552795,606
"29SNC73",177,754,3.25988700564972,577
"29SNC65",151,654,3.33112582781457,503
"29SNC64",100,810,7.1,710
"29SNC67",448,672,0.5,224
"29SNC66",135,712,4.27407407407407,577
"29SNC69",126,576,3.57142857142857,450
"29SNC68",141,737,4.22695035460993,596
"29SNC61",66,686,9.39393939393939,620
"29SNC60",78,486,5.23076923076923,408
"29SNC63",552,821,0.48731884057971,269
"29SNC62",333,844,1.53453453453453,511
"29SNC10",272,594,1.18382352941176,322
"29SNC12",160,502,2.1375,342
"29SNC11",252,591,1.3452380952381,339
"29SNC14",146,678,3.64383561643836,532
"29SNC13",68,404,4.94117647058824,336
"29SNC16",338,959,1.83727810650888,621
"29SNC15",338,958,1.83431952662722,620
"29SNC07",78,984,11.6153846153846,906
"29SNC06",699,1083,0.549356223175966,384
"29SNC09",161,688,3.27329192546584,527
"29SNC08",143,690,3.82517482517482,547
"29SNC00",8,424,52,416
"29SNC05",404,1028,1.54455445544554,624
"29SNC32",233,680,1.91845493562232,447
"29SNC31",183,618,2.37704918032787,435
"29SNC34",281,713,1.5373665480427,432
"29SNC33",187,711,2.80213903743316,524
"29SNC36",195,713,2.65641025641026,518
"29SNC35",240,739,2.07916666666667,499
"29SNC38",189,709,2.75132275132275,520
"29SNC37",254,698,1.74803149606299,444
"29SNC30",127,560,3.40944881889764,433
"29SNC29",401,568,0.41645885286783,167
"29SNC28",139,622,3.47482014388489,483
"29SNC21",227,688,2.03083700440529,461
"29SNC20",225,678,2.01333333333333,453
"29SNC23",212,591,1.7877358490566,379
"29SNC22",183,643,2.51366120218579,460
"29SNC25",181,761,3.20441988950276,580
"29SNC24",189,623,2.2962962962963,434
"29SNC27",201,671,2.33830845771144,470
"29SNC26",318,783,1.4622641509434,465
"29SNC18",109,585,4.36697247706422,476
"29SNC17",109,911,7.35779816513761,802
"29SNC19",190,580,2.05263157894737,390
"29SQA48",147,612,3.16326530612245,465
"29SQA47",100,1014,9.14,914
"29SQA49",88,601,5.82954545454545,513
"29SQA42",3,684,227,681
"29SQA44",283,1039,2.67137809187279,756
"29SQA43",154,890,4.77922077922078,736
"29SQA46",13,1068,81.1538461538462,1055
"29SQA45",552,1150,1.08333333333333,598
"29SQA37",258,615,1.38372093023256,357
"29SQA36",191,741,2.87958115183246,550
"29SQA39",147,850,4.78231292517007,703
"29SQA38",402,782,0.945273631840796,380
"29SQA35",51,748,13.6666666666667,697
"29SQA69",53,278,4.24528301886792,225
"29SQA62",214,826,2.85981308411215,612
"29SQA61",262,517,0.973282442748092,255
"29SQA64",147,937,5.37414965986395,790
"29SQA63",277,921,2.32490974729242,644
"29SQA66",124,867,5.99193548387097,743
"29SQA65",169,1011,4.98224852071006,842
"29SQA68",123,255,1.07317073170732,132
"29SQA67",73,789,9.80821917808219,716
"29SQA60",111,319,1.87387387387387,208
"29SQA59",22,366,15.6363636363636,344
"29SQA58",63,401,5.36507936507936,338
"29SQA51",3,518,171.666666666667,515
"29SQA53",593,986,0.662731871838111,393
"29SQA52",214,846,2.95327102803738,632
"29SQA55",306,1161,2.79411764705882,855
"29SQA54",507,1094,1.1577909270217,587
"29SQA57",25,865,33.6,840
"29SQA56",682,1034,0.516129032258065,352
"29SQB25",134,576,3.29850746268657,442
"29SQB24",162,701,3.32716049382716,539
"29SQB27",196,637,2.25,441
"29SQB26",105,565,4.38095238095238,460
"29SQB29",477,848,0.777777777777778,371
"29SQB28",314,831,1.64649681528662,517
"29SQB21",499,972,0.947895791583166,473
"29SQB20",650,921,0.416923076923077,271
"29SQB23",289,855,1.95847750865052,566
"29SQB22",510,910,0.784313725490196,400
"29SQB14",251,657,1.61752988047809,406
"29SQB13",171,807,3.71929824561404,636
"29SQB16",233,574,1.46351931330472,341
"29SQB15",197,607,2.08121827411167,410
"29SQB18",304,889,1.92434210526316,585
"29SQB17",209,638,2.05263157894737,429
"29SQB19",530,917,0.730188679245283,387
"29SQB10",382,909,1.37958115183246,527
"29SQB12",309,874,1.82847896440129,565
"29SQB11",372,938,1.52150537634409,566
"29SQB47",248,579,1.33467741935484,331
"29SQB46",191,583,2.05235602094241,392
"29SQB49",374,720,0.925133689839572,346
"29SQB48",244,672,1.75409836065574,428
"29SQB41",111,702,5.32432432432432,591
"29SQB40",49,530,9.81632653061224,481
"29SQB43",296,785,1.65202702702703,489
"29SQB42",303,743,1.45214521452145,440
"29SQB45",227,607,1.67400881057269,380
"29SQB44",213,726,2.40845070422535,513
"29SQB36",171,552,2.2280701754386,381
"29SQB35",169,563,2.33136094674556,394
"29SQB38",272,758,1.78676470588235,486
"29SQB37",280,601,1.14642857142857,321
"29SQB39",409,799,0.953545232273839,390
"29SQB30",285,881,2.09122807017544,596
"29SQB32",318,915,1.87735849056604,597
"29SQB31",245,941,2.84081632653061,696
"29SQB34",235,740,2.14893617021277,505
"29SQB33",340,894,1.62941176470588,554
"29SQB03",225,680,2.02222222222222,455
"29SQB02",216,749,2.46759259259259,533
"29SQB05",246,646,1.6260162601626,400
"29SQB04",227,641,1.82378854625551,414
"29SQB07",184,622,2.3804347826087,438
"29SQB06",220,587,1.66818181818182,367
"29SQB09",589,899,0.526315789473684,310
"29SQB08",212,857,3.04245283018868,645
"29SQB01",284,742,1.61267605633803,458
"29SQB00",312,669,1.14423076923077,357
"29SME90",48,345,6.1875,297
"29SNA99",665,1033,0.553383458646617,368
"29SNA89",350,994,1.84,644
"29SQB69",234,500,1.13675213675214,266
"29SQB68",85,418,3.91764705882353,333
"29SQB61",53,410,6.73584905660377,357
"29SQB60",95,258,1.71578947368421,163
"29SQB63",124,543,3.37903225806452,419
"29SQB62",96,476,3.95833333333333,380
"29SQB65",75,467,5.22666666666667,392
"29SQB64",148,447,2.02027027027027,299
"29SQB67",79,373,3.72151898734177,294
"29SQB66",81,392,3.83950617283951,311
"29SQB58",212,560,1.64150943396226,348
"29SQB57",160,499,2.11875,339
"29SQB59",290,639,1.20344827586207,349
"29SQB50",68,319,3.69117647058824,251
"29SQB52",292,635,1.17465753424658,343
"29SQB51",116,526,3.53448275862069,410
"29SQB54",152,649,3.26973684210526,497
"29SQB53",149,714,3.79194630872483,565
"29SQB56",226,531,1.34955752212389,305
"29SQB55",163,592,2.6319018404908,429
"29SPD99",56,396,6.07142857142857,340
"29SPD98",46,416,8.04347826086956,370
"29SPD91",94,707,6.52127659574468,613
"29SPD90",152,722,3.75,570
"29SPD93",93,463,3.97849462365591,370
"29SPD92",104,555,4.33653846153846,451
"29SPD95",172,469,1.72674418604651,297
"29SPD94",94,446,3.74468085106383,352
"29SPD97",80,496,5.2,416
"29SPD96",228,474,1.07894736842105,246
"29SPD88",73,461,5.31506849315068,388
"29SPD87",37,500,12.5135135135135,463
"29SPD89",213,467,1.1924882629108,254
"29SPD80",250,859,2.436,609
"29SPD82",175,590,2.37142857142857,415
"29SPD81",189,777,3.11111111111111,588
"29SPD84",33,520,14.7575757575758,487
"29SPD83",176,558,2.17045454545455,382
"29SPD86",231,479,1.07359307359307,248
"29SPD85",49,527,9.75510204081633,478
"29SPD55",148,696,3.7027027027027,548
"29SPD54",181,638,2.52486187845304,457
"29SPD57",143,526,2.67832167832168,383
"29SPD56",116,660,4.68965517241379,544
"29SPD59",205,547,1.66829268292683,342
"29SPD58",124,489,2.94354838709677,365
"29SPD51",149,734,3.9261744966443,585
"29SPD50",427,794,0.859484777517564,367
"29SPD53",86,511,4.94186046511628,425
"29SPD52",124,575,3.63709677419355,451
"29SPD44",197,750,2.80710659898477,553
"29SPD43",65,523,7.04615384615385,458
"29SPD46",321,851,1.65109034267913,530
"29SPD45",431,872,1.02320185614849,441
"29SPD48",55,509,8.25454545454545,454
"29SPD47",19,746,38.2631578947368,727
"29SPD49",174,576,2.31034482758621,402
"29SPD40",63,709,10.2539682539683,646
"29SPD42",74,399,4.39189189189189,325
"29SPD41",84,572,5.80952380952381,488
"29SNA09",426,696,0.633802816901408,270
"29SPD77",72,417,4.79166666666667,345
"29SPD76",35,382,9.91428571428571,347
"29SPD79",152,543,2.57236842105263,391
"29SPD78",102,496,3.86274509803922,394
"29SPD71",140,891,5.36428571428571,751
"29SPD70",560,960,0.714285714285714,400
"29SPD73",197,559,1.83756345177665,362
"29SPD72",174,686,2.94252873563218,512
"29SPD75",28,453,15.1785714285714,425
"29SPD74",227,468,1.06167400881057,241
"29SPD66",93,396,3.25806451612903,303
"29SPD65",65,489,6.52307692307692,424
"29SPD68",36,517,13.3611111111111,481
"29SPD67",45,407,8.04444444444444,362
"29SPD69",215,559,1.6,344
"29SPD60",425,1013,1.38352941176471,588
"29SPD62",94,662,6.04255319148936,568
"29SPD61",369,923,1.50135501355014,554
"29SPD64",114,525,3.60526315789474,411
"29SPD63",51,598,10.7254901960784,547
"29SNA19",87,783,8,696
"29SPD11",97,488,4.03092783505155,391
"29SPD10",347,534,0.538904899135447,187
"29SPD13",88,386,3.38636363636364,298
"29SPD12",74,411,4.55405405405405,337
"29SPD15",144,393,1.72916666666667,249
"29SPD14",124,437,2.5241935483871,313
"29SPD17",185,608,2.28648648648649,423
"29SPD16",173,483,1.79190751445087,310
"29SPD08",218,669,2.06880733944954,451
"29SPD07",199,635,2.19095477386935,436
"29SPD09",268,615,1.29477611940298,347
"29SPD00",19,515,26.1052631578947,496
"29SPD02",50,368,6.36,318
"29SPD01",97,529,4.45360824742268,432
"29SPD04",90,389,3.32222222222222,299
"29SPD03",70,369,4.27142857142857,299
"29SPD06",55,540,8.81818181818182,485
"29SPD05",22,429,18.5,407
"29SPD33",34,477,13.0294117647059,443
"29SPD32",64,373,4.828125,309
"29SPD35",451,838,0.858093126385809,387
"29SPD34",211,745,2.53080568720379,534
"29SPD37",175,740,3.22857142857143,565
"29SPD36",537,836,0.556797020484171,299
"29SPD39",123,598,3.86178861788618,475
"29SPD38",69,519,6.52173913043478,450
"29SPD31",44,332,6.54545454545455,288
"29SPD30",33,478,13.4848484848485,445
"29SPD29",265,665,1.50943396226415,400
"29SPD22",22,386,16.5454545454545,364
"29SPD21",81,475,4.8641975308642,394
"29SPD24",6,634,104.666666666667,628
"29SPD23",205,440,1.14634146341463,235
"29SPD26",102,759,6.44117647058824,657
"29SPD25",96,740,6.70833333333333,644
"29SPD28",137,649,3.73722627737226,512
"29SPD27",151,767,4.0794701986755,616
"29SPD20",117,575,3.91452991452991,458
"29SPD19",292,663,1.27054794520548,371
"29SPD18",341,676,0.982404692082111,335
"29SMC86",549,1111,1.02367941712204,562
"29SMC85",604,976,0.615894039735099,372
"29SMC88",609,1083,0.778325123152709,474
"29SMC87",571,1104,0.933450087565674,533
"29SMC89",476,1015,1.13235294117647,539
"29SMC77",237,1080,3.55696202531646,843
"29SMC79",489,1138,1.32719836400818,649
"29SMC78",540,1157,1.14259259259259,617
"29SPE70",236,557,1.36016949152542,321
"29SPE72",162,477,1.94444444444444,315
"29SPE71",273,473,0.732600732600733,200
"29SPE61",93,542,4.82795698924731,449
"29SPE60",196,557,1.84183673469388,361
"29SPE62",61,540,7.85245901639344,479
"29SMC97",530,1159,1.18679245283019,629
"29SMC96",505,1172,1.32079207920792,667
"29SMC99",173,929,4.36994219653179,756
"29SMC98",45,1012,21.4888888888889,967
"29SPE90",24,338,13.0833333333333,314
"29SPE92",29,275,8.48275862068965,246
"29SPE91",48,220,3.58333333333333,172
"29SMC95",657,1085,0.65144596651446,428
"29SPE81",44,442,9.04545454545454,398
"29SPE80",17,501,28.4705882352941,484
"29SPE82",100,444,3.44,344
"29SMC68",521,1028,0.973128598848369,507
"29SMC69",641,1068,0.666146645865835,427
"29SMC59",368,920,1.5,552
"29SMC58",274,889,2.24452554744526,615
"29SPE32",114,564,3.94736842105263,450
"29SPE31",190,617,2.24736842105263,427
"29SPE30",323,636,0.969040247678019,313
"29SPE21",245,572,1.33469387755102,327
"29SPE20",201,612,2.04477611940298,411
"29SPE22",194,533,1.74742268041237,339
"29SPE50",212,581,1.74056603773585,369
"29SPE52",261,553,1.11877394636015,292
"29SPE51",214,553,1.58411214953271,339
"29SPE42",189,560,1.96296296296296,371
"29SPE41",294,621,1.11224489795918,327
"29SPE40",167,613,2.67065868263473,446
"29SPE10",43,598,12.906976744186,555
"29SPE12",168,542,2.22619047619048,374
"29SPE11",167,520,2.11377245508982,353
"29SPE01",111,519,3.67567567567568,408
"29SPE00",229,587,1.56331877729258,358
"29SPE02",201,580,1.88557213930348,379
"29SPB57",174,439,1.52298850574713,265
"29SPB56",196,467,1.38265306122449,271
"29SPB59",244,616,1.52459016393443,372
"29SPB58",196,512,1.61224489795918,316
"29SPB51",125,715,4.72,590
"29SPB53",189,741,2.92063492063492,552
"29SPB52",225,777,2.45333333333333,552
"29SPB55",195,504,1.58461538461538,309
"29SPB54",217,539,1.48387096774194,322
"29SPB46",148,532,2.59459459459459,384
"29SPB45",221,564,1.55203619909502,343
"29SPB48",226,550,1.43362831858407,324
"29SPB47",216,480,1.22222222222222,264
"29SPB49",129,631,3.89147286821705,502
"29SPB42",351,866,1.46723646723647,515
"29SPB41",369,795,1.15447154471545,426
"29SPB44",207,629,2.03864734299517,422
"29SPB43",212,773,2.64622641509434,561
"29SPB79",243,526,1.16460905349794,283
"29SPB78",94,512,4.4468085106383,418
"29SPB71",163,721,3.42331288343558,558
"29SPB73",184,790,3.29347826086957,606
"29SPB72",348,781,1.24425287356322,433
"29SPB75",211,529,1.50710900473934,318
"29SPB74",209,587,1.80861244019139,378
"29SPB77",168,435,1.58928571428571,267
"29SPB76",199,470,1.36180904522613,271
"29SPB68",101,473,3.68316831683168,372
"29SPB67",166,405,1.43975903614458,239
"29SPB69",225,588,1.61333333333333,363
"29SPB62",443,690,0.557562076749436,247
"29SPB61",114,630,4.52631578947368,516
"29SPB64",222,540,1.43243243243243,318
"29SPB63",215,710,2.30232558139535,495
"29SPB66",166,456,1.74698795180723,290
"29SPB65",244,504,1.0655737704918,260
"29SPB13",210,602,1.86666666666667,392
"29SPB12",203,864,3.25615763546798,661
"29SPB15",229,600,1.62008733624454,371
"29SPB14",221,560,1.53393665158371,339
"29SPB17",307,612,0.993485342019544,305
"29SMD96",289,966,2.34256055363322,677
"29SPB16",429,618,0.440559440559441,189
"29SMD95",162,963,4.94444444444444,801
"29SPB19",156,658,3.21794871794872,502
"29SMD98",323,681,1.10835913312693,358
"29SPB18",248,638,1.57258064516129,390
"29SMD97",279,926,2.31899641577061,647
"29SMD99",147,502,2.41496598639456,355
"29SPB11",463,968,1.09071274298056,505
"29SMD90",450,869,0.931111111111111,419
"29SPB10",459,933,1.03267973856209,474
"29SMD92",450,940,1.08888888888889,490
"29SMD91",447,866,0.937360178970917,419
"29SMD94",248,960,2.87096774193548,712
"29SMD93",663,906,0.366515837104072,243
"29SPB09",68,589,7.66176470588235,521
"29SPB02",279,871,2.12186379928315,592
"29SPB01",469,1062,1.26439232409382,593
"29SPB04",217,531,1.44700460829493,314
"29SPB03",262,602,1.29770992366412,340
"29SPB06",208,585,1.8125,377
"29SPB05",89,563,5.32584269662921,474
"29SPB08",122,548,3.49180327868852,426
"29SPB07",259,577,1.22779922779923,318
"29SPB00",610,1095,0.795081967213115,485
"29SPB35",298,616,1.06711409395973,318
"29SPB34",319,637,0.996865203761755,318
"29SPB37",230,557,1.42173913043478,327
"29SPB36",172,611,2.55232558139535,439
"29SPB39",72,647,7.98611111111111,575
"29SPB38",24,639,25.625,615
"29SPB31",430,861,1.00232558139535,431
"29SPB33",313,770,1.46006389776358,457
"29SPB32",403,900,1.23325062034739,497
"29SQE40",340,782,1.3,442
"29SQE42",127,803,5.32283464566929,676
"29SQE41",196,789,3.02551020408163,593
"29SPB24",204,637,2.12254901960784,433
"29SPB23",192,695,2.61979166666667,503
"29SPB26",286,669,1.33916083916084,383
"29SPB25",318,682,1.14465408805031,364
"29SPB28",248,634,1.55645161290323,386
"29SMD63",139,496,2.56834532374101,357
"29SQE32",66,677,9.25757575757576,611
"29SPB27",151,630,3.17218543046358,479
"29SMD62",177,523,1.95480225988701,346
"29SMD65",141,618,3.38297872340426,477
"29SPB29",318,652,1.05031446540881,334
"29SPB20",140,773,4.52142857142857,633
"29SPB22",310,873,1.81612903225806,563
"29SPB21",415,885,1.13253012048193,470
"29SQE31",212,690,2.25471698113208,478
"29SMD61",279,759,1.72043010752688,480
"29SQE30",294,706,1.40136054421769,412
"29SMD60",370,973,1.62972972972973,603
"29SMD56",109,213,0.954128440366973,104
"29SMD85",572,950,0.660839160839161,378
"29SMD84",211,1002,3.74881516587678,791
"29SMD87",331,840,1.53776435045317,509
"29SMD86",642,931,0.450155763239875,289
"29SQE51",373,706,0.892761394101877,333
"29SMD81",303,882,1.91089108910891,579
"29SQE50",415,711,0.713253012048193,296
"29SMD80",512,927,0.810546875,415
"29SMD83",239,897,2.75313807531381,658
"29SQE52",180,725,3.02777777777778,545
"29SMD82",152,894,4.88157894736842,742
"29SMD74",314,834,1.65605095541401,520
"29SMD73",146,629,3.30821917808219,483
"29SMD76",165,903,4.47272727272727,738
"29SMD75",408,904,1.2156862745098,496
"29SMD70",522,1030,0.973180076628352,508
"29SMD72",162,670,3.1358024691358,508
"29SMD71",156,862,4.52564102564103,706
"29SPB93",130,737,4.66923076923077,607
"29SPB92",294,824,1.80272108843537,530
"29SPB95",227,603,1.65638766519824,376
"29SPB94",191,621,2.25130890052356,430
"29SPB97",117,550,3.7008547008547,433
"29SPB96",227,548,1.41409691629956,321
"29SPB99",504,820,0.626984126984127,316
"29SPB98",238,782,2.28571428571429,544
"29SPB91",385,767,0.992207792207792,382
"29SPB90",98,623,5.35714285714286,525
"29SPB89",297,707,1.38047138047138,410
"29SPB82",335,823,1.45671641791045,488
"29SPB81",322,771,1.3944099378882,449
"29SPB84",242,573,1.36776859504132,331
"29SPB83",150,748,3.98666666666667,598
"29SPB86",175,510,1.91428571428571,335
"29SPB85",161,563,2.49689440993789,402
"29SPB88",157,661,3.21019108280255,504
"29SPB87",183,510,1.78688524590164,327
"29SQE00",48,460,8.58333333333333,412
"29SQE02",46,354,6.69565217391304,308
"29SQE01",13,354,26.2307692307692,341
"29SQE22",28,547,18.5357142857143,519
"29SQE21",101,639,5.32673267326733,538
"29SQE20",230,683,1.9695652173913,453
"29SQE11",212,470,1.21698113207547,258
"29SQE10",167,551,2.29940119760479,384
"29SQE12",131,391,1.98473282442748,260
"29SND11",82,704,7.58536585365854,622
"29SND10",170,685,3.02941176470588,515
"29SND13",207,765,2.69565217391304,558
"29SND12",251,739,1.94422310756972,488
"29SND15",525,790,0.504761904761905,265
"29SND14",336,761,1.26488095238095,425
"29SPC78",108,773,6.15740740740741,665
"29SND06",327,932,1.85015290519878,605
"29SPC77",17,529,30.1176470588235,512
"29SND05",260,854,2.28461538461538,594
"29SND08",119,892,6.49579831932773,773
"29SPC79",532,964,0.81203007518797,432
"29SND07",186,929,3.99462365591398,743
"29SND09",96,760,6.91666666666667,664
"29SPC70",191,592,2.09947643979058,401
"29SPC72",590,733,0.242372881355932,143
"29SND00",57,784,12.7543859649123,727
"29SPC71",174,745,3.2816091954023,571
"29SPC74",51,357,6,306
"29SND02",424,952,1.24528301886792,528
"29SPC73",38,720,17.9473684210526,682
"29SND01",249,863,2.46586345381526,614
"29SPC76",38,446,10.7368421052632,408
"29SND04",264,931,2.52651515151515,667
"29SPC75",75,341,3.54666666666667,266
"29SND03",296,928,2.13513513513514,632
"29SPC67",181,499,1.75690607734807,318
"29SPC66",50,323,5.46,273
"29SPC69",184,999,4.42934782608696,815
"29SPC68",212,806,2.80188679245283,594
"29SPC61",192,812,3.22916666666667,620
"29SPC60",145,685,3.72413793103448,540
"29SPC63",53,706,12.3207547169811,653
"29SPC62",394,747,0.895939086294416,353
"29SPC65",79,287,2.63291139240506,208
"29SPC64",66,318,3.81818181818182,252
"29SPC99",223,739,2.31390134529148,516
"29SPC92",165,707,3.28484848484848,542
"29SPC91",293,768,1.62116040955631,475
"29SPC94",452,749,0.657079646017699,297
"29SPC93",289,744,1.57439446366782,455
"29SPC96",199,847,3.25628140703518,648
"29SPC95",333,852,1.55855855855856,519
"29SPC98",188,723,2.84574468085106,535
"29SPC97",291,841,1.89003436426117,550
"29SPC90",430,893,1.07674418604651,463
"29SPC89",133,881,5.62406015037594,748
"29SPC88",228,796,2.49122807017544,568
"29SPC81",262,785,1.99618320610687,523
"29SPC80",247,712,1.88259109311741,465
"29SPC83",147,835,4.68027210884354,688
"29SPC82",297,768,1.58585858585859,471
"29SPC85",105,630,5,525
"29SPC84",74,659,7.90540540540541,585
"29SPC87",198,625,2.15656565656566,427
"29SPC86",110,614,4.58181818181818,504
"29SPC34",30,538,16.9333333333333,508
"29SPC33",11,574,51.1818181818182,563
"29SPC36",35,561,15.0285714285714,526
"29SPC35",190,569,1.99473684210526,379
"29SPC38",237,617,1.60337552742616,380
"29SPC37",115,577,4.01739130434783,462
"29SPC39",297,612,1.06060606060606,315
"29SPC30",274,589,1.14963503649635,315
"29SPC32",355,544,0.532394366197183,189
"29SPC31",72,633,7.79166666666667,561
"29SPC23",31,587,17.9354838709677,556
"29SPC22",84,555,5.60714285714286,471
"29SPC25",164,490,1.98780487804878,326
"29SPC24",185,526,1.84324324324324,341
"29SPC27",100,523,4.23,423
"29SPC26",142,482,2.3943661971831,340
"29SPC29",194,675,2.47938144329897,481
"29SPC28",235,602,1.56170212765957,367
"29SND75",49,464,8.46938775510204,415
"29SND74",38,339,7.92105263157895,301
"29SND77",316,637,1.01582278481013,321
"29SND76",53,604,10.3962264150943,551
"29SND79",260,660,1.53846153846154,400
"29SND78",224,622,1.77678571428571,398
"29SPC21",144,619,3.29861111111111,475
"29SPC20",302,590,0.95364238410596,288
"29SND71",183,558,2.04918032786885,375
"29SND70",183,546,1.98360655737705,363
"29SND73",38,392,9.31578947368421,354
"29SND72",161,501,2.11180124223602,340
"29SPC19",137,597,3.35766423357664,460
"29SPC56",65,531,7.16923076923077,466
"29SPC55",27,490,17.1481481481481,463
"29SPC58",304,696,1.28947368421053,392
"29SPC57",34,580,16.0588235294118,546
"29SPC59",406,824,1.02955665024631,418
"29SND64",133,258,0.93984962406015,125
"29SND63",29,336,10.5862068965517,307
"29SPC50",316,674,1.13291139240506,358
"29SND66",251,586,1.33466135458167,335
"29SND65",81,468,4.77777777777778,387
"29SPC52",212,641,2.02358490566038,429
"29SND68",176,695,2.94886363636364,519
"29SPC51",280,725,1.58928571428571,445
"29SND67",142,668,3.70422535211268,526
"29SPC54",79,509,5.44303797468354,430
"29SPC53",121,588,3.8595041322314,467
"29SND69",258,781,2.02713178294574,523
"29SND60",46,595,11.9347826086957,549
"29SND62",13,486,36.3846153846154,473
"29SND61",217,541,1.49308755760369,324
"29SPC45",353,506,0.43342776203966,153
"29SPC44",137,501,2.65693430656934,364
"29SPC47",74,566,6.64864864864865,492
"29SPC46",95,505,4.31578947368421,410
"29SPC49",19,779,40,760
"29SPC48",266,707,1.65789473684211,441
"29SND97",282,594,1.1063829787234,312
"29SND96",123,504,3.09756097560976,381
"29SND99",175,602,2.44,427
"29SND98",266,632,1.37593984962406,366
"29SPC41",246,675,1.74390243902439,429
"29SPC40",256,636,1.484375,380
"29SPC43",120,557,3.64166666666667,437
"29SPC42",248,587,1.36693548387097,339
"29SND91",52,482,8.26923076923077,430
"29SND90",34,427,11.5588235294118,393
"29SND93",36,421,10.6944444444444,385
"29SND92",137,463,2.37956204379562,326
"29SND95",101,338,2.34653465346535,237
"29SND94",61,345,4.65573770491803,284
"29SND86",87,554,5.36781609195402,467
"29SND85",43,331,6.69767441860465,288
"29SND88",230,634,1.75652173913043,404
"29SND87",297,622,1.09427609427609,325
"29SND89",237,627,1.64556962025316,390
"29SND80",155,522,2.36774193548387,367
"29SND82",167,480,1.87425149700599,313
"29SND81",200,544,1.72,344
"29SND84",112,303,1.70535714285714,191
"29SND83",113,409,2.61946902654867,296
"29SND31",149,494,2.31543624161074,345
"29SND30",120,571,3.75833333333333,451
"29SND33",110,545,3.95454545454545,435
"29SND32",157,502,2.19745222929936,345
"29SND35",139,612,3.40287769784173,473
"29SND34",91,532,4.84615384615385,441
"29SND37",420,804,0.914285714285714,384
"29SND36",285,730,1.56140350877193,445
"29SND28",388,897,1.31185567010309,509
"29SND27",443,876,0.977426636568849,433
"29SND29",84,767,8.13095238095238,683
"29SND20",91,577,5.34065934065934,486
"29SND22",246,587,1.38617886178862,341
"29SND21",150,555,2.7,405
"29SND24",184,696,2.78260869565217,512
"29SND23",140,657,3.69285714285714,517
"29SND26",307,856,1.78827361563518,549
"29SND25",269,736,1.7360594795539,467
"29SND17",499,839,0.681362725450902,340
"29SND16",323,853,1.64086687306502,530
"29SND19",279,764,1.73835125448029,485
"29SND18",392,861,1.19642857142857,469
"29SND53",24,340,13.1666666666667,316
"29SND52",125,421,2.368,296
"29SND55",37,528,13.2702702702703,491
"29SND54",23,314,12.6521739130435,291
"29SND57",149,685,3.59731543624161,536
"29SND56",206,621,2.01456310679612,415
"29SND59",284,778,1.73943661971831,494
"29SND58",192,734,2.82291666666667,542
"29SND51",172,463,1.69186046511628,291
"29SND50",170,552,2.24705882352941,382
"29SND49",389,748,0.922879177377892,359
"29SND42",142,461,2.24647887323944,319
"29SND41",118,486,3.11864406779661,368
"29SND44",92,344,2.73913043478261,252
"29SND43",51,402,6.88235294117647,351
"29SND46",115,692,5.01739130434783,577
"29SND45",81,523,5.45679012345679,442
"29SND48",175,787,3.49714285714286,612
"29SND47",190,763,3.01578947368421,573
"29SND40",155,556,2.58709677419355,401
"29SND39",127,755,4.94488188976378,628
"29SND38",319,833,1.61128526645768,514
"29SPC12",170,493,1.9,323
"29SPC11",83,585,6.04819277108434,502
"29SPC14",86,527,5.12790697674419,441
"29SPC13",218,526,1.41284403669725,308
"29SPC16",53,457,7.62264150943396,404
"29SPC15",192,468,1.4375,276
"29SPC18",129,487,2.77519379844961,358
"29SPC17",132,477,2.61363636363636,345
"29SPC10",387,579,0.496124031007752,192
"29SPC09",39,530,12.5897435897436,491
"29SPC08",62,431,5.95161290322581,369
"29SPC01",29,618,20.3103448275862,589
"29SPC00",146,572,2.91780821917808,426
"29SPC03",157,515,2.28025477707006,358
"29SPC02",146,579,2.96575342465753,433
"29SPC05",48,619,11.8958333333333,571
"29SPC04",39,482,11.3589743589744,443
"29SPC07",174,598,2.4367816091954,424
"29SPC06",18,650,35.1111111111111,632
"29SNE10",149,580,2.89261744966443,431
"29SNE12",120,573,3.775,453
"29SNE11",81,500,5.17283950617284,419
"29SNE01",158,395,1.5,237
"29SNE00",171,548,2.2046783625731,377
"29SNE02",108,378,2.5,270
"29SNE30",50,713,13.26,663
"29SNE32",382,826,1.16230366492147,444
"29SNE31",293,736,1.51194539249147,443
"29SNE21",208,653,2.13942307692308,445
"29SNE20",84,600,6.14285714285714,516
"29SNE22",73,725,8.93150684931507,652
"29SQC46",52,525,9.09615384615385,473
"29SQC45",204,570,1.79411764705882,366
"29SQC48",171,563,2.29239766081871,392
"29SQC47",70,508,6.25714285714286,438
"29SQC49",135,589,3.36296296296296,454
"29SQC40",359,855,1.38161559888579,496
"29SQC42",40,756,17.9,716
"29SQC41",276,809,1.93115942028985,533
"29SQC44",307,566,0.843648208469055,259
"29SQC43",179,607,2.39106145251397,428
"29SQC35",174,702,3.03448275862069,528
"29SQC34",145,652,3.49655172413793,507
"29SQC37",187,605,2.23529411764706,418
"29SQC36",122,685,4.61475409836066,563
"29SQC39",204,674,2.30392156862745,470
"29SQC38",152,617,3.05921052631579,465
"29SNE90",149,620,3.16107382550336,471
"29SQC31",523,806,0.541108986615679,283
"29SNE92",258,614,1.37984496124031,356
"29SQC30",367,890,1.42506811989101,523
"29SNE91",300,592,0.973333333333333,292
"29SQC33",49,628,11.8163265306122,579
"29SQC32",175,757,3.32571428571429,582
"29SQC68",3,270,89,267
"29SQC67",94,256,1.72340425531915,162
"29SQC69",3,213,70,210
"29SQC60",189,536,1.83597883597884,347
"29SQC62",29,391,12.4827586206897,362
"29SQC61",22,508,22.0909090909091,486
"29SQC64",4,287,70.75,283
"29SNE81",361,656,0.817174515235457,295
"29SQC63",136,338,1.48529411764706,202
"29SNE80",338,661,0.955621301775148,323
"29SQC66",1,225,224,224
"29SQC65",2,173,85.5,171
"29SNE82",205,661,2.22439024390244,456
"29SQC57",84,402,3.78571428571429,318
"29SQC56",77,426,4.53246753246753,349
"29SQC59",107,391,2.65420560747664,284
"29SQC58",101,436,3.31683168316832,335
"29SQC51",206,649,2.1504854368932,443
"29SQC50",375,693,0.848,318
"29SQC53",122,521,3.27049180327869,399
"29SQC52",123,581,3.72357723577236,458
"29SQC55",44,466,9.59090909090909,422
"29SQC54",76,509,5.69736842105263,433
"29SQC02",238,722,2.03361344537815,484
"29SQC01",464,820,0.767241379310345,356
"29SQC04",262,846,2.22900763358779,584
"29SQC03",49,765,14.6122448979592,716
"29SQC06",623,917,0.471910112359551,294
"29SQC05",357,938,1.62745098039216,581
"29SQC08",55,718,12.0545454545455,663
"29SQC07",303,881,1.90759075907591,578
"29SQC00",462,958,1.07359307359307,496
"29SNE52",423,938,1.21749408983452,515
"29SNE51",434,819,0.887096774193548,385
"29SNE50",316,827,1.61708860759494,511
"29SQC24",199,736,2.69849246231156,537
"29SNE41",341,811,1.3782991202346,470
"29SQC23",22,622,27.2727272727273,600
"29SNE40",325,788,1.42461538461538,463
"29SQC26",351,826,1.35327635327635,475
"29SQC25",406,829,1.04187192118227,423
"29SNE42",393,903,1.29770992366412,510
"29SQC28",154,630,3.09090909090909,476
"29SQC27",94,708,6.53191489361702,614
"29SQC29",173,706,3.08092485549133,533
"29SQC20",382,928,1.42931937172775,546
"29SQC22",153,733,3.79084967320261,580
"29SQC21",363,827,1.27823691460055,464
"29SQC13",34,655,18.2647058823529,621
"29SQC12",101,703,5.96039603960396,602
"29SQC15",506,920,0.818181818181818,414
"29SQC14",280,769,1.74642857142857,489
"29SQC17",138,843,5.10869565217391,705
"29SQC16",423,910,1.15130023640662,487
"29SQC19",101,755,6.47524752475248,654
"29SQC18",190,619,2.25789473684211,429
"29SNE70",437,686,0.569794050343249,249
"29SQC11",310,848,1.73548387096774,538
"29SNE72",108,657,5.08333333333333,549
"29SQC10",380,980,1.57894736842105,600
"29SNE71",310,668,1.15483870967742,358
"29SQC09",172,737,3.28488372093023,565
"29SNE62",123,848,5.89430894308943,725
"29SNE61",257,835,2.24902723735409,578
"29SNE60",322,817,1.53726708074534,495
"29SNB77",87,319,2.66666666666667,232
"29SNB76",74,420,4.67567567567568,346
"29SNB79",109,394,2.61467889908257,285
"29SNB78",103,375,2.64077669902913,272
"29SNB71",542,1065,0.964944649446494,523
"29SNB70",502,1031,1.05378486055777,529
"29SNB73",191,749,2.92146596858639,558
"29SNB72",420,936,1.22857142857143,516
"29SNB75",106,404,2.81132075471698,298
"29SNB74",90,517,4.74444444444444,427
"29SNB66",45,317,6.04444444444444,272
"29SNB65",120,350,1.91666666666667,230
"29SNB68",46,347,6.54347826086957,301
"29SNB67",52,329,5.32692307692308,277
"29SNB69",62,362,4.83870967741935,300
"29SNB60",397,898,1.26196473551637,501
"29SNB62",440,894,1.03181818181818,454
"29SNB61",453,997,1.20088300220751,544
"29SNB64",79,476,5.0253164556962,397
"29SNB63",231,758,2.28138528138528,527
"29SNB99",26,432,15.6153846153846,406
"29SNB98",42,440,9.47619047619048,398
"29SNB91",592,1138,0.922297297297297,546
"29SNB90",633,1152,0.819905213270142,519
"29SNB93",200,719,2.595,519
"29SNB92",366,917,1.50546448087432,551
"29SNB95",194,459,1.3659793814433,265
"29SNB94",136,552,3.05882352941176,416
"29SNB97",154,441,1.86363636363636,287
"29SNB96",117,493,3.21367521367521,376
"29SNB88",91,372,3.08791208791209,281
"29SNB87",203,329,0.620689655172414,126
"29SNB89",91,417,3.58241758241758,326
"29SNB80",686,1129,0.645772594752187,443
"29SNB82",465,942,1.0258064516129,477
"29SNB81",639,1100,0.721439749608764,461
"29SNB84",75,536,6.14666666666667,461
"29SNB83",257,738,1.8715953307393,481
"29SNB86",118,446,2.77966101694915,328
"29SNB85",237,446,0.881856540084388,209
"29SQD60",1,286,285,285
"29SQD56",55,150,1.72727272727273,95
"29SNB33",388,870,1.24226804123711,482
"29SQD55",104,320,2.07692307692308,216
"29SNB32",513,1026,1,513
"29SQD58",4,331,81.75,327
"29SNB35",229,653,1.85152838427948,424
"29SQD57",10,74,6.4,64
"29SNB34",163,810,3.96932515337423,647
"29SNB37",105,594,4.65714285714286,489
"29SQD59",280,566,1.02142857142857,286
"29SNB36",213,640,2.00469483568075,427
"29SNB39",101,512,4.06930693069307,411
"29SNB38",92,520,4.65217391304348,428
"29SQD50",78,421,4.3974358974359,343
"29SQD52",168,403,1.39880952380952,235
"29SQD51",184,392,1.1304347826087,208
"29SQD54",59,327,4.54237288135593,268
"29SNB31",357,1028,1.87955182072829,671
"29SQD53",27,398,13.7407407407407,371
"29SNB30",254,817,2.21653543307087,563
"29SNB29",119,658,4.52941176470588,539
"29SNB22",207,1107,4.34782608695652,900
"29SNB21",339,1058,2.12094395280236,719
"29SNB24",332,1007,2.03313253012048,675
"29SNB23",379,1078,1.844327176781,699
"29SNB26",279,737,1.6415770609319,458
"29SNB25",240,750,2.125,510
"29SNB28",195,653,2.34871794871795,458
"29SNB27",283,720,1.54416961130742,437
"29SNB20",403,865,1.14640198511166,462
"29SNB19",180,596,2.31111111111111,416
"29SNB18",220,602,1.73636363636364,382
"29SNB55",18,349,18.3888888888889,331
"29SNB54",135,557,3.12592592592593,422
"29SNB57",23,350,14.2173913043478,327
"29SNB56",97,332,2.42268041237113,235
"29SNB59",46,353,6.67391304347826,307
"29SNB58",84,353,3.20238095238095,269
"29SNB51",367,1042,1.83923705722071,675
"29SNB50",396,897,1.26515151515152,501
"29SNB53",315,802,1.54603174603175,487
"29SNB52",462,965,1.08874458874459,503
"29SQD23",78,430,4.51282051282051,352
"29SNB44",74,691,8.33783783783784,617
"29SQD22",75,569,6.58666666666667,494
"29SNB43",342,883,1.58187134502924,541
"29SQD25",175,543,2.10285714285714,368
"29SNB46",45,451,9.02222222222222,406
"29SQD24",65,442,5.8,377
"29SPA19",40,803,19.075,763
"29SNB45",140,487,2.47857142857143,347
"29SQD27",380,641,0.686842105263158,261
"29SNB48",85,388,3.56470588235294,303
"29SQD26",274,640,1.33576642335766,366
"29SNB47",117,452,2.86324786324786,335
"29SQD29",227,622,1.74008810572687,395
"29SQD28",52,656,11.6153846153846,604
"29SNB49",80,387,3.8375,307
"29SNB40",341,818,1.39882697947214,477
"29SQD21",186,696,2.74193548387097,510
"29SNB42",391,1016,1.59846547314578,625
"29SQD20",283,726,1.56537102473498,443
"29SNB41",511,1051,1.05675146771037,540
"29SQD19",262,554,1.11450381679389,292
"29SQD12",139,538,2.8705035971223,399
"29SQD11",155,730,3.70967741935484,575
"29SQD14",70,421,5.01428571428571,351
"29SPA09",475,989,1.08210526315789,514
"29SQD13",39,395,9.12820512820513,356
"29SQD16",138,639,3.6304347826087,501
"29SQD15",133,510,2.83458646616541,377
"29SQD18",182,665,2.65384615384615,483
"29SQD17",82,655,6.98780487804878,573
"29SQD10",203,766,2.77339901477833,563
"29SQD09",49,461,8.40816326530612,412
"29SQD08",153,462,2.01960784313725,309
"29SQD45",12,429,34.75,417
"29SQD44",218,441,1.02293577981651,223
"29SQD47",8,179,21.375,171
"29SQD46",6,255,41.5,249
"29SQD49",168,623,2.70833333333333,455
"29SQD48",10,373,36.3,363
"29SQD41",179,634,2.54189944134078,455
"29SQD40",94,655,5.96808510638298,561
"29SQD43",96,507,4.28125,411
"29SQD42",74,565,6.63513513513514,491
"29SQD34",146,487,2.33561643835616,341
"29SNB11",362,967,1.67127071823204,605
"29SQD33",83,484,4.83132530120482,401
"29SNB10",456,930,1.03947368421053,474
"29SQD36",87,545,5.26436781609195,458
"29SNB13",628,922,0.468152866242038,294
"29SQD35",81,533,5.58024691358025,452
"29SNB12",462,947,1.04978354978355,485
"29SQD38",36,581,15.1388888888889,545
"29SNB15",213,646,2.03286384976526,433
"29SQD37",30,530,16.6666666666667,500
"29SNB14",295,880,1.98305084745763,585
"29SNB17",295,635,1.15254237288136,340
"29SQD39",47,618,12.1489361702128,571
"29SNB16",208,631,2.03365384615385,423
"29SQD30",301,722,1.39867109634551,421
"29SQD32",185,576,2.11351351351351,391
"29SQD31",287,680,1.36933797909408,393
"29SNB00",408,815,0.997549019607843,407
"29SNB01",230,836,2.63478260869565,606
"29SNC98",22,432,18.6363636363636,410
"29SNC97",204,664,2.25490196078431,460
"29SNC99",129,369,1.86046511627907,240
"29SNC90",151,592,2.9205298013245,441
"29SNC92",194,627,2.2319587628866,433
"29SNC91",308,627,1.03571428571429,319
"29SNC94",43,528,11.2790697674419,485
"29SNC93",52,523,9.05769230769231,471
"29SNC96",495,659,0.331313131313131,164
"29SNC95",106,672,5.33962264150943,566
"29SNC87",148,708,3.78378378378378,560
"29SNC86",428,717,0.675233644859813,289
"29SNC89",71,478,5.73239436619718,407
"29SNC88",117,534,3.56410256410256,417
"29SNC81",448,688,0.535714285714286,240
"29SNC80",182,629,2.45604395604396,447
"29SNC83",247,602,1.43724696356275,355
"29SNC82",105,703,5.6952380952381,598
"29SNC85",251,720,1.86852589641434,469
"29SNC84",209,584,1.79425837320574,375
"29SQD01",164,687,3.1890243902439,523
"29SQD00",429,709,0.652680652680653,280
"29SQD03",181,421,1.32596685082873,240
"29SQD02",179,507,1.83240223463687,328
"29SQD05",27,477,16.6666666666667,450
"29SQD04",59,449,6.61016949152542,390
"29SQD07",77,491,5.37662337662338,414
"29SQD06",63,482,6.65079365079365,419
"29SNC54",191,903,3.72774869109948,712
"29SNC53",435,890,1.04597701149425,455
"29SNC56",165,705,3.27272727272727,540
"29SNC55",228,713,2.12719298245614,485
"29SNC58",118,740,5.27118644067797,622
"29SNC57",87,692,6.95402298850575,605
"29SNC59",354,597,0.686440677966102,243
"29SNC50",75,384,4.12,309
"29SNC52",276,848,2.07246376811594,572
"29SNC51",101,604,4.98019801980198,503
"29TPE64",185,668,2.61081081081081,483
"29TPE63",184,550,1.98913043478261,366
"29TPE66",362,780,1.15469613259669,418
"29TPE65",126,779,5.18253968253968,653
"29TPE68",192,587,2.05729166666667,395
"29TNH12",103,500,3.85436893203884,397
"29TPE67",296,686,1.31756756756757,390
"29TNH11",146,498,2.41095890410959,352
"29TNH14",74,360,3.86486486486486,286
"29TPE69",115,499,3.33913043478261,384
"29TNH13",85,431,4.07058823529412,346
"29TNH16",46,270,4.8695652173913,224
"29TNH15",65,294,3.52307692307692,229
"29TNH18",49,333,5.79591836734694,284
"29TNH17",68,308,3.52941176470588,240
"29TNH50",66,262,2.96969696969697,196
"29TNH52",56,377,5.73214285714286,321
"29TNH51",108,283,1.62037037037037,175
"29TNH54",84,376,3.47619047619048,292
"29TNH53",93,380,3.08602150537634,287
"29TPE97",389,983,1.52699228791774,594
"29TPE96",436,1046,1.39908256880734,610
"29TPE99",457,932,1.03938730853392,475
"29TPE98",397,1024,1.57934508816121,627
"29TNH45",85,523,5.15294117647059,438
"29TNH44",75,568,6.57333333333333,493
"29TNH47",34,204,5,170
"29TNH46",69,265,2.84057971014493,196
"29TNH49",65,277,3.26153846153846,212
"29TNH48",36,274,6.61111111111111,238
"29TPE93",95,457,3.81052631578947,362
"29TPE95",385,1009,1.62077922077922,624
"29TPE94",169,844,3.99408284023669,675
"29TNH41",68,326,3.79411764705882,258
"29TNH40",87,325,2.73563218390805,238
"29TNH43",186,566,2.04301075268817,380
"29TNH42",68,417,5.13235294117647,349
"29TPE86",413,1052,1.54721549636804,639
"29TPE85",597,1022,0.711892797319933,425
"29TPE88",476,896,0.882352941176471,420
"29TPE87",383,941,1.45691906005222,558
"29TNH34",456,573,0.256578947368421,117
"29TPE89",359,825,1.29805013927577,466
"29TNH33",251,588,1.34262948207171,337
"29TNH36",46,323,6.02173913043478,277
"29TNH35",168,547,2.25595238095238,379
"29TNH38",23,323,13.0434782608696,300
"29TNH37",55,310,4.63636363636364,255
"29TNH39",64,289,3.515625,225
"29TPE84",210,892,3.24761904761905,682
"29TPE83",83,522,5.28915662650602,439
"29TPE33",181,587,2.24309392265193,406
"29TPE35",171,669,2.91228070175439,498
"29TPE34",215,558,1.5953488372093,343
"29TPE37",309,750,1.42718446601942,441
"29TPE36",121,725,4.99173553719008,604
"29TPE28",46,675,13.6739130434783,629
"29TPE27",433,777,0.79445727482679,344
"29TPE29",97,517,4.32989690721649,420
"29TPE24",224,588,1.625,364
"29TPE23",199,569,1.85929648241206,370
"29TPE26",359,792,1.20612813370474,433
"29TPE25",103,727,6.05825242718447,624
"29TNH10",127,569,3.48031496062992,442
"29TPE17",316,810,1.56329113924051,494
"29TPE16",366,835,1.28142076502732,469
"29TPE19",68,405,4.95588235294118,337
"29TPE18",80,678,7.475,598
"29TNH09",35,144,3.11428571428571,109
"29TNH08",39,244,5.25641025641026,205
"29TPE53",173,510,1.94797687861272,337
"29TPE55",188,592,2.14893617021277,404
"29TPE54",111,468,3.21621621621622,357
"29TPE57",161,641,2.98136645962733,480
"29TNH01",159,500,2.14465408805031,341
"29TPE56",306,608,0.986928104575163,302
"29TNH00",110,553,4.02727272727273,443
"29TPE59",106,555,4.23584905660377,449
"29TNH03",90,544,5.04444444444444,454
"29TPE58",104,558,4.36538461538461,454
"29TNH02",62,606,8.7741935483871,544
"29TNH05",46,358,6.78260869565217,312
"29TNH04",52,545,9.48076923076923,493
"29TNH07",53,260,3.90566037735849,207
"29TNH06",35,285,7.14285714285714,250
"29TPE49",245,609,1.48571428571429,364
"29TPE44",116,503,3.33620689655172,387
"29TPE43",183,557,2.04371584699454,374
"29TPE46",123,575,3.67479674796748,452
"29TPE45",45,559,11.4222222222222,514
"29TPE48",268,612,1.28358208955224,344
"29TPE47",142,615,3.33098591549296,473
"29TNG93",219,610,1.78538812785388,391
"29TNG92",314,638,1.03184713375796,324
"29TNG95",88,399,3.53409090909091,311
"29TNG94",120,583,3.85833333333333,463
"29TNG97",101,422,3.17821782178218,321
"29TNG96",74,340,3.59459459459459,266
"29TNG99",120,487,3.05833333333333,367
"29TNG98",278,457,0.643884892086331,179
"29TPE39",196,614,2.13265306122449,418
"29TPE38",172,711,3.13372093023256,539
"29TNG91",257,568,1.21011673151751,311
"29TNG90",128,537,3.1953125,409
"29TQH48",122,926,6.59016393442623,804
"29TQH47",489,1266,1.58895705521472,777
"29TQH49",124,684,4.51612903225806,560
"29TNG89",57,499,7.75438596491228,442
"29TNG82",266,706,1.65413533834586,440
"29TNG81",296,646,1.18243243243243,350
"29TNG84",134,595,3.44029850746269,461
"29TNG83",315,686,1.17777777777778,371
"29TNG86",72,441,5.125,369
"29TNG85",117,476,3.06837606837607,359
"29TNG88",87,511,4.8735632183908,424
"29TNG87",56,509,8.08928571428571,453
"29TNG80",170,549,2.22941176470588,379
"29TNG79",68,369,4.42647058823529,301
"29TNG78",212,406,0.915094339622642,194
"29TNG51",179,612,2.41899441340782,433
"29TNG50",230,529,1.3,299
"29TNG53",192,581,2.02604166666667,389
"29TNG52",235,549,1.33617021276596,314
"29TNG55",333,772,1.31831831831832,439
"29TNG54",260,674,1.59230769230769,414
"29TNG46",106,748,6.05660377358491,642
"29TNG45",282,776,1.75177304964539,494
"29TNG48",70,330,3.71428571428571,260
"29TNG47",115,526,3.57391304347826,411
"29TNG49",74,314,3.24324324324324,240
"29TNG40",360,570,0.583333333333333,210
"29TNG42",249,537,1.1566265060241,288
"29TNG41",265,595,1.24528301886792,330
"29TNG44",264,738,1.79545454545455,474
"29TNG43",160,548,2.425,388
"29TNG35",490,742,0.514285714285714,252
"29TNG34",234,744,2.17948717948718,510
"29TNG37",83,585,6.04819277108434,502
"29TNG36",191,787,3.12041884816754,596
"29TNG39",136,427,2.13970588235294,291
"29TNG38",81,551,5.80246913580247,470
"29TNG71",383,639,0.668407310704961,256
"29TNG70",179,533,1.97765363128492,354
"29TNG73",298,669,1.24496644295302,371
"29TNG72",425,696,0.637647058823529,271
"29TNG75",195,702,2.6,507
"29TNG74",186,634,2.40860215053763,448
"29TNG77",100,644,5.44,544
"29TNG76",72,678,8.41666666666667,606
"29TNG68",58,386,5.6551724137931,328
"29TNG67",107,664,5.20560747663551,557
"29TNG69",52,361,5.94230769230769,309
"29TNG60",249,528,1.12048192771084,279
"29TNG62",315,666,1.11428571428571,351
"29TNG61",228,644,1.82456140350877,416
"29TNG64",236,681,1.88559322033898,445
"29TNG63",285,658,1.30877192982456,373
"29TNG66",475,731,0.538947368421053,256
"29TNG65",326,745,1.28527607361963,419
"29TNG57",89,645,6.24719101123596,556
"29TNG56",307,763,1.48534201954397,456
"29TNG59",26,260,9,234
"29TNG58",34,318,8.35294117647059,284
"29TPJ92",334,585,0.751497005988024,251
"29TPJ91",346,632,0.826589595375723,286
"29TPJ90",65,585,8,520
"29TPJ81",279,574,1.0573476702509,295
"29TPJ80",49,510,9.40816326530612,461
"29TPJ82",269,550,1.04460966542751,281
"29TPJ50",229,603,1.63318777292576,374
"29TPJ52",71,504,6.09859154929577,433
"29TPJ51",305,587,0.924590163934426,282
"29TPJ41",101,530,4.24752475247525,429
"29TPJ40",151,555,2.67549668874172,404
"29TPJ42",89,429,3.82022471910112,340
"29TPJ33",19,272,13.3157894736842,253
"29TPJ70",117,517,3.41880341880342,400
"29TPJ72",89,529,4.9438202247191,440
"29TPJ71",162,575,2.54938271604938,413
"29TPJ61",253,584,1.30830039525692,331
"29TPJ60",120,571,3.75833333333333,451
"29TPJ62",239,502,1.10041841004184,263
"29TQE43",389,645,0.658097686375321,256
"29TQE45",96,440,3.58333333333333,344
"29TQE44",69,645,8.34782608695652,576
"29TQE47",466,973,1.08798283261803,507
"29TQE46",175,754,3.30857142857143,579
"29TQE49",465,1070,1.3010752688172,605
"29TQE48",617,1072,0.737439222042139,455
"29TQE39",335,1026,2.06268656716418,691
"29TQE34",170,608,2.57647058823529,438
"29TQE33",151,577,2.82119205298013,426
"29TQE36",68,683,9.04411764705882,615
"29TQE35",112,443,2.95535714285714,331
"29TQE38",458,1013,1.2117903930131,555
"29TQE37",230,927,3.0304347826087,697
"29TQE29",121,1026,7.47933884297521,905
"29TQE28",291,1040,2.57388316151203,749
"29TQE54",68,535,6.86764705882353,467
"29TQE53",139,548,2.94244604316547,409
"29TQE56",26,688,25.4615384615385,662
"29TQE55",40,315,6.875,275
"29TQE58",460,980,1.1304347826087,520
"29TQE57",431,901,1.09048723897912,470
"29TQE59",233,937,3.02145922746781,704
"29TQE03",48,449,8.35416666666667,401
"29TQE05",239,884,2.69874476987448,645
"29TQE04",168,660,2.92857142857143,492
"29TQE23",71,398,4.6056338028169,327
"29TQE25",53,538,9.15094339622642,485
"29TQE24",61,490,7.0327868852459,429
"29TQE27",201,855,3.25373134328358,654
"29TQE26",73,696,8.53424657534247,623
"29TQE18",354,1030,1.90960451977401,676
"29TQE17",356,929,1.60955056179775,573
"29TQE19",409,948,1.31784841075795,539
"29TQE14",88,494,4.61363636363636,406
"29TQE13",100,380,2.8,280
"29TQE16",268,825,2.07835820895522,557
"29TQE15",167,766,3.58682634730539,599
"29TQE07",324,984,2.03703703703704,660
"29TQE06",441,937,1.12471655328798,496
"29TQE09",535,942,0.760747663551402,407
"29TQE08",412,1029,1.49757281553398,617
"29TQF00",172,867,4.0406976744186,695
"29TQF02",99,808,7.16161616161616,709
"29TQF01",63,838,12.3015873015873,775
"29TQF04",94,660,6.02127659574468,566
"29TQF03",115,832,6.23478260869565,717
"29TQF53",31,288,8.29032258064516,257
"29TQF52",12,251,19.9166666666667,239
"29TQF55",15,284,17.9333333333333,269
"29TQF54",12,291,23.25,279
"29TQF57",36,353,8.80555555555556,317
"29TQF56",1,254,253,253
"29TQF59",56,720,11.8571428571429,664
"29TQF58",1,589,588,588
"29TQF51",15,377,24.1333333333333,362
"29TQF50",84,687,7.17857142857143,603
"29TQF49",500,917,0.834,417
"29TNE53",402,999,1.48507462686567,597
"29TNE55",483,1038,1.14906832298137,555
"29TNE54",516,1112,1.15503875968992,596
"29TNE57",90,666,6.4,576
"29TNE56",387,961,1.48320413436693,574
"29TNE48",69,539,6.81159420289855,470
"29TNE47",101,711,6.03960396039604,610
"29TNE49",165,511,2.0969696969697,346
"29TQF20",44,929,20.1136363636364,885
"29TQF22",212,812,2.83018867924528,600
"29TQF21",182,818,3.49450549450549,636
"29TQF24",72,503,5.98611111111111,431
"29TQF23",161,764,3.74534161490683,603
"29TQF26",171,919,4.37426900584795,748
"29TQF25",40,673,15.825,633
"29TNE44",411,1085,1.63990267639903,674
"29TNE43",578,989,0.711072664359862,411
"29TNE46",300,979,2.26333333333333,679
"29TNE45",758,1041,0.37335092348285,283
"29TQF17",760,1042,0.371052631578947,282
"29TQF16",435,971,1.23218390804598,536
"29TQF19",337,957,1.83976261127596,620
"29TQF18",394,1043,1.64720812182741,649
"29TNE37",307,713,1.32247557003257,406
"29TNE36",270,968,2.58518518518519,698
"29TNE39",160,602,2.7625,442
"29TNE38",141,646,3.58156028368794,505
"29TQF11",194,747,2.85051546391753,553
"29TQF10",159,835,4.25157232704403,676
"29TQF13",181,714,2.94475138121547,533
"29TNE73",233,669,1.87124463519313,436
"29TQF12",369,761,1.06233062330623,392
"29TQF15",40,814,19.35,774
"29TNE75",102,700,5.86274509803922,598
"29TQF14",170,521,2.06470588235294,351
"29TNE74",320,743,1.321875,423
"29TNE77",60,582,8.7,522
"29TNE76",49,641,12.0816326530612,592
"29TNE79",252,547,1.17063492063492,295
"29TNE78",248,567,1.28629032258065,319
"29TQF06",551,1038,0.883847549909256,487
"29TQF05",117,937,7.00854700854701,820
"29TQF08",214,1038,3.85046728971963,824
"29TQF07",333,1091,2.27627627627628,758
"29TQF09",279,890,2.18996415770609,611
"29TNE69",294,537,0.826530612244898,243
"29TQF42",81,505,5.23456790123457,424
"29TQF41",104,651,5.25961538461539,547
"29TQF44",176,406,1.30681818181818,230
"29TQF43",69,535,6.7536231884058,466
"29TQF46",68,399,4.86764705882353,331
"29TQF45",153,394,1.57516339869281,241
"29TQF48",277,720,1.59927797833935,443
"29TNE64",372,859,1.30913978494624,487
"29TQF47",73,548,6.50684931506849,475
"29TNE63",380,880,1.31578947368421,500
"29TNE66",237,691,1.91561181434599,454
"29TNE65",271,819,2.02214022140221,548
"29TNE68",226,530,1.34513274336283,304
"29TNE67",96,629,5.55208333333333,533
"29TQF40",206,926,3.49514563106796,720
"29TQF39",385,1032,1.68051948051948,647
"29TQF38",263,895,2.40304182509506,632
"29TNE59",78,539,5.91025641025641,461
"29TNE58",63,538,7.53968253968254,475
"29TQF31",194,781,3.02577319587629,587
"29TQF30",161,955,4.93167701863354,794
"29TQF33",104,669,5.43269230769231,565
"29TQF32",277,694,1.50541516245487,417
"29TQF35",59,483,7.1864406779661,424
"29TQF34",57,497,7.71929824561404,440
"29TQF37",90,791,7.78888888888889,701
"29TQF36",130,636,3.89230769230769,506
"29TNE13",210,703,2.34761904761905,493
"29TQF28",491,1039,1.11608961303462,548
"29TQF27",419,1003,1.39379474940334,584
"29TQF29",490,1015,1.07142857142857,525
"29TNE04",149,597,3.00671140939597,448
"29TNE03",40,521,12.025,481
"29TNE05",161,592,2.67701863354037,431
"29TNE33",217,904,3.16589861751152,687
"29TNE35",164,989,5.03048780487805,825
"29TNE34",244,1043,3.27459016393443,799
"29TNE26",127,779,5.13385826771654,652
"29TNE25",292,845,1.89383561643836,553
"29TNE28",207,627,2.02898550724638,420
"29TNE27",213,709,2.32863849765258,496
"29TNE29",183,542,1.96174863387978,359
"29TNE24",342,827,1.41812865497076,485
"29TNE23",259,822,2.17374517374517,563
"29TNE15",331,769,1.32326283987915,438
"29TNE14",344,780,1.26744186046512,436
"29TNE17",154,478,2.1038961038961,324
"29TNE16",237,635,1.67932489451477,398
"29TNE19",62,349,4.62903225806452,287
"29TNE18",111,444,3,333
"29TNE95",471,735,0.560509554140127,264
"29TNE94",358,770,1.15083798882682,412
"29TNE97",86,603,6.01162790697674,517
"29TNE96",110,743,5.75454545454545,633
"29TNE99",131,423,2.22900763358779,292
"29TNE98",133,550,3.13533834586466,417
"29TNE93",337,646,0.916913946587537,309
"29TNE84",179,772,3.31284916201117,593
"29TNE83",165,676,3.0969696969697,511
"29TNE86",90,673,6.47777777777778,583
"29TNE85",474,725,0.529535864978903,251
"29TNE88",273,520,0.904761904761905,247
"29TNE87",222,497,1.23873873873874,275
"29TNE89",51,507,8.94117647058824,456
"29TPH50",152,905,4.95394736842105,753
"29TPH52",465,914,0.965591397849462,449
"29TPH51",418,864,1.06698564593301,446
"29TPH54",543,872,0.605893186003683,329
"29TPH53",382,953,1.49476439790576,571
"29TPH56",22,431,18.5909090909091,409
"29TPH55",30,709,22.6333333333333,679
"29TPH47",126,513,3.07142857142857,387
"29TPH46",99,439,3.43434343434343,340
"29TPH49",177,517,1.92090395480226,340
"29TPH48",181,518,1.86187845303867,337
"29TPH41",357,817,1.28851540616247,460
"29TPH40",212,801,2.77830188679245,589
"29TPH43",243,863,2.55144032921811,620
"29TPH42",344,814,1.36627906976744,470
"29TPH45",48,656,12.6666666666667,608
"29TPH44",334,744,1.22754491017964,410
"29TPH36",162,358,1.20987654320988,196
"29TPH35",32,496,14.5,464
"29TPH38",116,410,2.53448275862069,294
"29TPH37",43,396,8.2093023255814,353
"29TPH39",98,454,3.63265306122449,356
"29TPH72",490,1098,1.24081632653061,608
"29TPH71",477,1225,1.56813417190776,748
"29TPH74",537,982,0.828677839851024,445
"29TPH73",503,1090,1.16699801192843,587
"29TPH76",110,509,3.62727272727273,399
"29TPH75",146,790,4.41095890410959,644
"29TPH78",110,424,2.85454545454545,314
"29TPH77",104,431,3.14423076923077,327
"29TPH70",628,1287,1.04936305732484,659
"29TPH69",161,475,1.95031055900621,314
"29TPH68",120,516,3.3,396
"29TPH61",268,1139,3.25,871
"29TPH60",221,1136,4.14027149321267,915
"29TPH63",534,1169,1.18913857677903,635
"29TPH62",222,1137,4.12162162162162,915
"29TPH65",83,889,9.71084337349398,806
"29TPH64",268,1025,2.82462686567164,757
"29TPH67",87,497,4.71264367816092,410
"29TPH66",101,460,3.55445544554455,359
"29TPH58",184,541,1.94021739130435,357
"29TPH57",284,507,0.785211267605634,223
"29TPH59",119,522,3.38655462184874,403
"29TPH10",196,654,2.33673469387755,458
"29TPH12",27,416,14.4074074074074,389
"29TPH11",87,594,5.82758620689655,507
"29TPH03",20,311,14.55,291
"29TPH02",27,337,11.4814814814815,310
"29TPH05",39,605,14.5128205128205,566
"29TPH04",40,349,7.725,309
"29TPH07",173,602,2.47976878612717,429
"29TPH06",83,587,6.07228915662651,504
"29TPH09",86,322,2.74418604651163,236
"29TPH08",95,379,2.98947368421053,284
"29TPH01",167,454,1.7185628742515,287
"29TPH00",153,552,2.6078431372549,399
"29TPH30",163,799,3.90184049079755,636
"29TPH32",213,715,2.35680751173709,502
"29TPH31",91,807,7.86813186813187,716
"29TPH34",67,541,7.07462686567164,474
"29TPH33",127,647,4.09448818897638,520
"29TPH25",67,607,8.05970149253731,540
"29TPH24",68,316,3.64705882352941,248
"29TPH27",63,613,8.73015873015873,550
"29TPH26",49,594,11.1224489795918,545
"29TPH29",97,374,2.85567010309278,277
"29TPH28",30,354,10.8,324
"29TPH21",243,603,1.48148148148148,360
"29TPH20",329,587,0.78419452887538,258
"29TPH23",36,409,10.3611111111111,373
"29TPH22",30,496,15.5333333333333,466
"29TMH84",70,505,6.21428571428571,435
"29TMH83",23,471,19.4782608695652,448
"29TMH86",44,339,6.70454545454545,295
"29TMH85",99,400,3.04040404040404,301
"29TPH14",107,275,1.57009345794393,168
"29TPH13",52,254,3.88461538461538,202
"29TPH16",460,584,0.269565217391304,124
"29TPH15",36,567,14.75,531
"29TPH18",82,395,3.81707317073171,313
"29TPH17",137,599,3.37226277372263,462
"29TPH19",79,328,3.15189873417722,249
"29TMH77",2,141,69.5,139
"29TMH76",34,205,5.02941176470588,171
"29TMH75",41,211,4.14634146341463,170
"29TMH74",47,193,3.1063829787234,146
"29TPH94",423,992,1.3451536643026,569
"29TPH93",249,923,2.70682730923695,674
"29TPH96",255,880,2.45098039215686,625
"29TPH95",316,1027,2.25,711
"29TPH98",239,467,0.95397489539749,228
"29TPH97",120,721,5.00833333333333,601
"29TPH99",85,496,4.83529411764706,411
"29TPH90",803,1375,0.712328767123288,572
"29TPH92",154,853,4.53896103896104,699
"29TPH91",289,1294,3.47750865051903,1005
"29TPH83",299,1082,2.61872909698997,783
"29TPH82",193,1086,4.62694300518135,893
"29TPH85",256,871,2.40234375,615
"29TPH84",400,960,1.4,560
"29TPH87",102,542,4.31372549019608,440
"29TPH86",144,593,3.11805555555556,449
"29TPH89",89,423,3.75280898876404,334
"29TPH88",77,482,5.25974025974026,405
"29TPH81",201,1377,5.85074626865672,1176
"29TPH80",766,1419,0.852480417754569,653
"29TPH79",156,360,1.30769230769231,204
"29TPJ10",143,304,1.12587412587413,161
"29TPJ01",141,340,1.4113475177305,199
"29TPJ00",114,288,1.52631578947368,174
"29TPJ03",104,560,4.38461538461539,456
"29TPJ02",156,559,2.58333333333333,403
"29TPJ04",73,475,5.50684931506849,402
"29TPJ30",160,435,1.71875,275
"29TPJ32",66,376,4.6969696969697,310
"29TPJ31",142,439,2.09154929577465,297
"29TPJ23",92,474,4.15217391304348,382
"29TPJ22",151,535,2.54304635761589,384
"29TPJ24",15,384,24.6,369
"29TPJ21",140,384,1.74285714285714,244
"29TPJ20",158,340,1.15189873417722,182
"29TPJ12",124,543,3.37903225806452,419
"29TPJ11",135,353,1.61481481481481,218
"29TPJ14",17,423,23.8823529411765,406
"29TPJ13",344,535,0.555232558139535,191
"29TMH98",36,203,4.63888888888889,167
"29TMH91",229,403,0.759825327510917,174
"29TMH90",117,435,2.71794871794872,318
"29TMH93",357,518,0.450980392156863,161
"29TMH92",65,544,7.36923076923077,479
"29TMH95",114,392,2.43859649122807,278
"29TMH94",221,538,1.43438914027149,317
"29TMH97",90,271,2.01111111111111,181
"29TMH96",105,339,2.22857142857143,234
"29TMH88",34,162,3.76470588235294,128
"29TMH87",75,258,2.44,183
"29TQJ00",287,582,1.02787456445993,295
"29TPF10",241,410,0.701244813278008,169
"29TPF12",165,486,1.94545454545455,321
"29TPF11",96,469,3.88541666666667,373
"29TPF14",208,722,2.47115384615385,514
"29TPF13",183,590,2.22404371584699,407
"29TPF05",428,781,0.824766355140187,353
"29TPF04",296,754,1.5472972972973,458
"29TPF07",166,560,2.37349397590361,394
"29TPF06",143,741,4.18181818181818,598
"29TPF09",279,539,0.931899641577061,260
"29TPF08",167,584,2.49700598802395,417
"29TPF01",207,494,1.38647342995169,287
"29TPF00",41,403,8.82926829268293,362
"29TPF03",175,637,2.64,462
"29TPF02",218,522,1.39449541284404,304
"29TPF30",234,558,1.38461538461538,324
"29TPF32",158,499,2.15822784810127,341
"29TPF31",204,529,1.59313725490196,325
"29TPF34",175,623,2.56,448
"29TPF33",153,553,2.61437908496732,400
"29TPF36",180,598,2.32222222222222,418
"29TPF35",291,630,1.16494845360825,339
"29TPF27",106,515,3.85849056603774,409
"29TPF26",229,605,1.64192139737991,376
"29TPF29",143,556,2.88811188811189,413
"29TPF28",189,527,1.78835978835979,338
"29TPF21",51,478,8.37254901960784,427
"29TPF20",54,484,7.96296296296296,430
"29TPF23",122,540,3.42622950819672,418
"29TPF22",102,447,3.38235294117647,345
"29TPF25",302,640,1.11920529801324,338
"29TPF24",324,642,0.981481481481482,318
"29TPF16",122,666,4.45901639344262,544
"29TPF15",325,700,1.15384615384615,375
"29TPF18",125,553,3.424,428
"29TPF17",151,538,2.56291390728477,387
"29TPF19",271,594,1.19188191881919,323
"29TPF96",602,907,0.506644518272425,305
"29TPF95",340,914,1.68823529411765,574
"29TPF98",346,858,1.47976878612717,512
"29TPF97",158,991,5.27215189873418,833
"29TPF99",316,861,1.7246835443038,545
"29TPF90",369,853,1.31165311653117,484
"29TPF92",346,817,1.36127167630058,471
"29TPF91",185,787,3.25405405405405,602
"29TPF94",317,817,1.57728706624606,500
"29TPF93",234,901,2.85042735042735,667
"29TPF85",279,929,2.32974910394265,650
"29TPF84",520,897,0.725,377
"29TPF87",370,948,1.56216216216216,578
"29TPF86",59,892,14.1186440677966,833
"29TPF89",327,868,1.65443425076453,541
"29TPF88",493,840,0.703853955375254,347
"29TPF81",197,785,2.98477157360406,588
"29TPF80",208,763,2.66826923076923,555
"29TPF83",479,945,0.97286012526096,466
"29TPF82",497,839,0.688128772635815,342
"29TPF52",180,600,2.33333333333333,420
"29TPF51",243,586,1.41152263374486,343
"29TPF54",376,661,0.757978723404255,285
"29TPF53",173,641,2.70520231213873,468
"29TPF56",183,628,2.43169398907104,445
"29TPF55",233,662,1.8412017167382,429
"29TPF58",123,580,3.71544715447154,457
"29TPF57",199,604,2.03517587939698,405
"29TPF50",66,549,7.31818181818182,483
"29TPF49",137,480,2.5036496350365,343
"29TPF48",116,472,3.06896551724138,356
"29TPF41",223,562,1.52017937219731,339
"29TPF40",291,572,0.965635738831615,281
"29TPF43",239,619,1.58995815899582,380
"29TPF42",202,556,1.75247524752475,354
"29TPF45",285,633,1.22105263157895,348
"29TPF44",178,636,2.57303370786517,458
"29TPF47",134,504,2.76119402985075,370
"29TPF46",185,582,2.14594594594595,397
"29TPF38",175,487,1.78285714285714,312
"29TPF37",196,523,1.66836734693878,327
"29TPF39",135,549,3.06666666666667,414
"29TPF74",494,896,0.813765182186235,402
"29TPF73",435,936,1.15172413793103,501
"29TPF76",286,739,1.58391608391608,453
"29TPF75",288,842,1.92361111111111,554
"29TPF78",339,822,1.42477876106195,483
"29TPF77",422,790,0.872037914691943,368
"29TPF79",430,849,0.974418604651163,419
"29TPF70",112,626,4.58928571428571,514
"29TPF72",179,821,3.58659217877095,642
"29TPF71",179,704,2.93296089385475,525
"29TPF63",182,787,3.32417582417582,605
"29TPF62",242,716,1.95867768595041,474
"29TPF65",301,763,1.53488372093023,462
"29TPF64",227,811,2.5726872246696,584
"29TPF67",289,714,1.47058823529412,425
"29TPF66",328,693,1.11280487804878,365
"29TPF69",277,726,1.62093862815884,449
"29TPF68",174,752,3.32183908045977,578
"29TPF61",159,547,2.44025157232704,388
"29TPF60",100,514,4.14,414
"29TPF59",97,535,4.51546391752577,438
"29TNH99",73,292,3,219
"29TNH70",51,246,3.82352941176471,195
"29TNH72",91,347,2.81318681318681,256
"29TNH71",40,276,5.9,236
"29TNH74",156,484,2.1025641025641,328
"29TNH73",62,455,6.33870967741935,393
"29TNH76",192,405,1.109375,213
"29TNH75",55,473,7.6,418
"29TNH67",105,361,2.43809523809524,256
"29TNH66",22,293,12.3181818181818,271
"29TNH69",185,477,1.57837837837838,292
"29TNH68",117,435,2.71794871794872,318
"29TNH61",80,301,2.7625,221
"29TNH60",84,266,2.16666666666667,182
"29TNH63",148,392,1.64864864864865,244
"29TNH62",129,352,1.72868217054264,223
"29TNH65",40,374,8.35,334
"29TNH64",34,365,9.73529411764706,331
"29TNH56",26,228,7.76923076923077,202
"29TNH55",18,234,12,216
"29TNH58",50,387,6.74,337
"29TNH57",39,285,6.30769230769231,246
"29TNH59",106,456,3.30188679245283,350
"29TNH92",11,326,28.6363636363636,315
"29TNH91",70,362,4.17142857142857,292
"29TNH94",163,489,2,326
"29TNH93",71,394,4.54929577464789,323
"29TNH96",40,458,10.45,418
"29TNH95",94,506,4.38297872340426,412
"29TNH98",45,376,7.35555555555556,331
"29TNH97",20,356,16.8,336
"29TNH90",48,434,8.04166666666667,386
"29TNH89",75,291,2.88,216
"29TNH88",120,328,1.73333333333333,208
"29TNH81",24,239,8.95833333333333,215
"29TNH80",25,292,10.68,267
"29TNH83",93,445,3.78494623655914,352
"29TNH82",65,271,3.16923076923077,206
"29TNH85",230,527,1.29130434782609,297
"29TNH84",236,514,1.17796610169492,278
"29TNH87",135,346,1.56296296296296,211
"29TNH86",47,421,7.95744680851064,374
"29TNH78",98,429,3.37755102040816,331
"29TNH77",155,384,1.47741935483871,229
"29TNH79",85,464,4.45882352941176,379
"29TPG31",122,606,3.9672131147541,484
"29TPG30",188,546,1.90425531914894,358
"29TPG33",164,557,2.39634146341463,393
"29TPG32",198,556,1.80808080808081,358
"29TPG35",25,382,14.28,357
"29TPG34",71,451,5.35211267605634,380
"29TPG26",44,300,5.81818181818182,256
"29TPG25",31,348,10.2258064516129,317
"29TPG28",123,539,3.38211382113821,416
"29TPG27",95,397,3.17894736842105,302
"29TPG29",188,599,2.18617021276596,411
"29TPG20",244,554,1.27049180327869,310
"29TPG22",227,588,1.59030837004405,361
"29TPG21",206,618,2,412
"29TPG24",191,460,1.40837696335079,269
"29TPG23",143,593,3.14685314685315,450
"29TPG15",30,306,9.2,276
"29TPG14",12,557,45.4166666666667,545
"29TPG17",20,286,13.3,266
"29TPG16",22,187,7.5,165
"29TPG19",171,605,2.53801169590643,434
"29TPG18",77,460,4.97402597402597,383
"29TPG51",102,622,5.09803921568627,520
"29TPG50",126,508,3.03174603174603,382
"29TPG53",299,757,1.53177257525084,458
"29TPG52",244,703,1.88114754098361,459
"29TPG55",85,706,7.30588235294118,621
"29TPG54",325,720,1.21538461538462,395
"29TPG57",234,765,2.26923076923077,531
"29TPG56",286,638,1.23076923076923,352
"29TPG48",257,730,1.84046692607004,473
"29TPG47",118,705,4.97457627118644,587
"29TPG49",274,734,1.67883211678832,460
"29TPG40",256,483,0.88671875,227
"29TPG42",121,548,3.52892561983471,427
"29TPG41",115,527,3.58260869565217,412
"29TPG44",28,539,18.25,511
"29TPG43",215,583,1.71162790697674,368
"29TPG46",67,563,7.40298507462687,496
"29TPG45",48,595,11.3958333333333,547
"29TPG37",182,517,1.84065934065934,335
"29TPG36",123,348,1.82926829268293,225
"29TPG39",145,711,3.90344827586207,566
"29TPG38",85,657,6.72941176470588,572
"29TPG11",163,621,2.80981595092025,458
"29TPG10",164,587,2.57926829268293,423
"29TPG13",240,652,1.71666666666667,412
"29TPG12",253,657,1.59683794466403,404
"29TQJ20",84,743,7.84523809523809,659
"29TQJ22",124,584,3.70967741935484,460
"29TQJ21",163,701,3.30061349693252,538
"29TPG04",60,528,7.8,468
"29TPG03",315,593,0.882539682539683,278
"29TPG06",14,229,15.3571428571429,215
"29TPG05",42,267,5.35714285714286,225
"29TPG08",67,506,6.55223880597015,439
"29TPG07",24,400,15.6666666666667,376
"29TQJ12",174,469,1.69540229885057,295
"29TPG09",117,589,4.03418803418803,472
"29TPG00",196,562,1.86734693877551,366
"29TPG02",151,632,3.18543046357616,481
"29TPG01",211,568,1.69194312796209,357
"29TQJ11",176,555,2.15340909090909,379
"29TQJ10",109,571,4.23853211009174,462
"29TNJ70",128,522,3.078125,394
"29TNJ72",201,586,1.91542288557214,385
"29TNJ71",70,585,7.35714285714286,515
"29TNJ74",19,346,17.2105263157895,327
"29TNJ73",193,496,1.5699481865285,303
"29TQJ02",192,549,1.859375,357
"29TQJ01",293,604,1.06143344709898,311
"29TQJ40",48,677,13.1041666666667,629
"29TQJ42",30,471,14.7,441
"29TQJ41",21,635,29.2380952380952,614
"29TQJ43",3,264,87,261
"29TNJ61",245,620,1.53061224489796,375
"29TNJ60",206,595,1.88834951456311,389
"29TNJ63",4,425,105.25,421
"29TNJ62",211,597,1.82938388625592,386
"29TQJ31",341,675,0.979472140762463,334
"29TQJ30",371,716,0.929919137466307,345
"29TQJ32",252,542,1.15079365079365,290
"29TNJ90",94,263,1.79787234042553,169
"29TNJ92",147,425,1.89115646258503,278
"29TNJ91",91,325,2.57142857142857,234
"29TNJ94",66,380,4.75757575757576,314
"29TNJ93",138,458,2.31884057971015,320
"29TQJ23",50,401,7.02,351
"29TNJ81",81,370,3.5679012345679,289
"29TNJ80",78,255,2.26923076923077,177
"29TNJ83",196,482,1.45918367346939,286
"29TNJ82",140,472,2.37142857142857,332
"29TNJ84",159,404,1.54088050314465,245
"29TPG73",544,1139,1.09375,595
"29TPG72",701,1064,0.517831669044223,363
"29TPG75",286,1259,3.4020979020979,973
"29TPG74",480,1183,1.46458333333333,703
"29TPG77",394,1202,2.0507614213198,808
"29TPG76",455,1216,1.67252747252747,761
"29TPG79",379,1328,2.50395778364116,949
"29TPG78",210,1163,4.53809523809524,953
"29TPG71",319,1007,2.15673981191223,688
"29TPG70",455,816,0.793406593406593,361
"29TPG69",297,983,2.30976430976431,686
"29TPG62",380,929,1.44473684210526,549
"29TPG61",116,911,6.85344827586207,795
"29TPG64",288,940,2.26388888888889,652
"29TPG63",444,988,1.22522522522523,544
"29TPG66",262,877,2.34732824427481,615
"29TNJ10",3,116,37.6666666666667,113
"29TPG65",145,1003,5.91724137931034,858
"29TPG68",138,949,5.8768115942029,811
"29TPG67",71,915,11.887323943662,844
"29TPG60",214,740,2.45794392523365,526
"29TNJ50",36,582,15.1666666666667,546
"29TNJ52",89,485,4.44943820224719,396
"29TNJ51",213,567,1.66197183098592,354
"29TPG59",221,825,2.73303167420814,604
"29TPG58",292,796,1.72602739726027,504
"29TPG95",598,1247,1.08528428093645,649
"29TPG94",423,1215,1.87234042553191,792
"29TPG97",262,1259,3.80534351145038,997
"29TPG96",455,1242,1.72967032967033,787
"29TPG99",524,1415,1.70038167938931,891
"29TPG98",474,1221,1.57594936708861,747
"29TPG91",207,990,3.78260869565217,783
"29TPG90",311,850,1.73311897106109,539
"29TPG93",419,1129,1.6945107398568,710
"29TPG92",454,1052,1.31718061674009,598
"29TNJ40",90,377,3.18888888888889,287
"29TPG84",405,1262,2.11604938271605,857
"29TPG83",689,1149,0.667634252539913,460
"29TPG86",923,1270,0.375947995666306,347
"29TPG85",557,1310,1.35188509874327,753
"29TPG88",545,1197,1.19633027522936,652
"29TPG87",489,1232,1.51942740286299,743
"29TPG89",584,1439,1.46404109589041,855
"29TPG80",380,854,1.24736842105263,474
"29TPG82",724,1088,0.502762430939227,364
"29TPG81",312,1036,2.32051282051282,724
"29TQG01",345,995,1.88405797101449,650
"29TQG00",407,945,1.32186732186732,538
"29TQG03",353,973,1.75637393767705,620
"29TQG02",440,987,1.24318181818182,547
"29TQG21",398,1039,1.6105527638191,641
"29TQG20",306,1070,2.49673202614379,764
"29TQG23",190,860,3.52631578947368,670
"29TQG22",352,905,1.57102272727273,553
"29TQG25",179,774,3.32402234636872,595
"29TQG24",324,788,1.4320987654321,464
"29TQG16",221,724,2.27601809954751,503
"29TQG15",113,713,5.30973451327434,600
"29TQG18",376,1103,1.93351063829787,727
"29TQG17",326,927,1.84355828220859,601
"29TQG19",641,1203,0.876755070202808,562
"29TQG10",486,1019,1.09670781893004,533
"29TQG12",233,950,3.07725321888412,717
"29TQG11",469,1017,1.16844349680171,548
"29TQG14",317,751,1.36908517350158,434
"29TQG13",333,908,1.72672672672673,575
"29TQG05",149,969,5.50335570469799,820
"29TQG04",345,1012,1.93333333333333,667
"29TQG07",332,999,2.00903614457831,667
"29TQG06",151,955,5.32450331125828,804
"29TQG09",461,1291,1.80043383947939,830
"29TQG08",480,1167,1.43125,687
"29TNG11",487,716,0.470225872689938,229
"29TNG10",402,701,0.743781094527363,299
"29TNG09",148,495,2.34459459459459,347
"29TNG02",9,759,83.3333333333333,750
"29TNG04",11,722,64.6363636363636,711
"29TNG03",15,741,48.4,726
"29TNG06",24,386,15.0833333333333,362
"29TNG05",33,470,13.2424242424242,437
"29TNG08",10,497,48.7,487
"29TNG07",75,388,4.17333333333333,313
"29TNG31",317,638,1.01261829652997,321
"29TNG30",455,626,0.375824175824176,171
"29TNG33",329,616,0.872340425531915,287
"29TNG32",232,606,1.61206896551724,374
"29TNG24",328,901,1.7469512195122,573
"29TNG23",335,851,1.54029850746269,516
"29TNG26",180,783,3.35,603
"29TNG25",234,797,2.40598290598291,563
"29TNG28",208,632,2.03846153846154,424
"29TNG27",354,607,0.714689265536723,253
"29TNG29",142,577,3.06338028169014,435
"29TNG20",333,767,1.3033033033033,434
"29TNG22",290,863,1.97586206896552,573
"29TNG21",317,783,1.47003154574132,466
"29TNG13",613,814,0.3278955954323,201
"29TNG12",389,828,1.12853470437018,439
"29TNG15",138,653,3.73188405797101,515
"29TNG14",355,813,1.29014084507042,458
"29TNG17",233,562,1.41201716738197,329
"29TNG16",98,628,5.40816326530612,530
"29TNG19",213,575,1.69953051643192,362
"29TNG18",207,631,2.04830917874396,424
"29TQG41",334,945,1.82934131736527,611
"29TQG40",601,966,0.607321131447587,365
"29TQG43",632,867,0.371835443037975,235
"29TQG42",67,901,12.4477611940299,834
"29TQG45",135,747,4.53333333333333,612
"29TQG44",450,868,0.928888888888889,418
"29TQG47",94,542,4.76595744680851,448
"29TQG46",176,491,1.78977272727273,315
"29TQG38",291,886,2.0446735395189,595
"29TQG37",210,798,2.8,588
"29TQG39",426,957,1.24647887323944,531
"29TQG30",687,1081,0.573508005822416,394
"29TQG32",183,993,4.42622950819672,810
"29TQG31",379,1049,1.76781002638522,670
"29TQG34",522,922,0.766283524904215,400
"29TQG33",294,953,2.24149659863946,659
"29TQG36",97,682,6.03092783505155,585
"29TQG35",157,822,4.23566878980892,665
"29TNF72",369,692,0.875338753387534,323
"29TNF71",285,618,1.16842105263158,333
"29TNF74",289,646,1.23529411764706,357
"29TNF73",361,703,0.947368421052632,342
"29TNF76",174,462,1.6551724137931,288
"29TNF75",165,576,2.49090909090909,411
"29TNF78",173,410,1.36994219653179,237
"29TNF77",101,455,3.5049504950495,354
"29TNF70",178,534,2,356
"29TQG27",326,838,1.57055214723926,512
"29TQG26",199,715,2.5929648241206,516
"29TQG29",281,1052,2.74377224199288,771
"29TQG28",464,1025,1.20905172413793,561
"29TNF69",106,447,3.21698113207547,341
"29TNF68",148,372,1.51351351351351,224
"29TNF61",192,611,2.18229166666667,419
"29TNF60",212,540,1.54716981132075,328
"29TNF63",305,682,1.23606557377049,377
"29TNF62",420,661,0.573809523809524,241
"29TNF65",146,498,2.41095890410959,352
"29TNF64",131,595,3.54198473282443,464
"29TNF67",78,372,3.76923076923077,294
"29TNF66",72,357,3.95833333333333,285
"29TNF58",136,365,1.68382352941176,229
"29TNF57",144,367,1.54861111111111,223
"29TNF59",149,499,2.3489932885906,350
"29TNF94",415,767,0.848192771084337,352
"29TNF93",177,673,2.80225988700565,496
"29TNF96",237,720,2.0379746835443,483
"29TNF95",213,779,2.65727699530516,566
"29TNF98",142,550,2.87323943661972,408
"29TNF97",271,570,1.10332103321033,299
"29TNF99",187,489,1.61497326203209,302
"29TNF90",74,416,4.62162162162162,342
"29TNF92",230,577,1.50869565217391,347
"29TNF91",88,493,4.60227272727273,405
"29TQG49",106,703,5.63207547169811,597
"29TQG48",115,648,4.63478260869565,533
"29TNF83",376,694,0.845744680851064,318
"29TNF82",212,650,2.06603773584906,438
"29TNF85",133,668,4.02255639097744,535
"29TNF84",314,676,1.15286624203822,362
"29TNF87",210,531,1.52857142857143,321
"29TNF86",277,566,1.04332129963899,289
"29TNF89",192,426,1.21875,234
"29TNF88",161,477,1.96273291925466,316
"29TNF81",188,575,2.05851063829787,387
"29TNF80",95,502,4.28421052631579,407
"29TNF79",166,427,1.57228915662651,261
"29TNF30",253,590,1.33201581027668,337
"29TNF32",90,462,4.13333333333333,372
"29TNF31",90,496,4.51111111111111,406
"29TNF34",125,660,4.28,535
"29TNF33",138,527,2.81884057971015,389
"29TNF25",213,554,1.60093896713615,341
"29TNF24",143,555,2.88111888111888,412
"29TNF27",287,572,0.993031358885017,285
"29TNF26",167,587,2.51497005988024,420
"29TNF29",374,734,0.962566844919786,360
"29TNF28",386,682,0.766839378238342,296
"29TNF21",133,406,2.05263157894737,273
"29TNF20",112,489,3.36607142857143,377
"29TNF23",116,376,2.24137931034483,260
"29TNF22",63,348,4.52380952380952,285
"29TNF18",171,624,2.64912280701754,453
"29TNF17",1,538,537,537
"29TNF19",338,669,0.979289940828402,331
"29TNF50",119,543,3.56302521008403,424
"29TNF52",200,582,1.91,382
"29TNF51",213,559,1.62441314553991,346
"29TNF54",234,557,1.38034188034188,323
"29TNF53",190,614,2.23157894736842,424
"29TNF56",147,419,1.85034013605442,272
"29TNF55",68,493,6.25,425
"29TNF47",105,401,2.81904761904762,296
"29TNF46",176,565,2.21022727272727,389
"29TNF49",164,557,2.39634146341463,393
"29TNF48",102,445,3.36274509803922,343
"29TNF41",177,511,1.88700564971751,334
"29TNF40",122,545,3.4672131147541,423
"29TNF43",185,545,1.94594594594595,360
"29TNF42",104,482,3.63461538461538,378
"29TNF45",269,630,1.34200743494424,361
"29TNF44",269,652,1.42379182156134,383
"29TNF36",97,674,5.94845360824742,577
"29TNF35",406,667,0.642857142857143,261
"29TNF38",147,655,3.45578231292517,508
"29TNF37",122,618,4.0655737704918,496
"29TNF39",310,632,1.03870967741935,322
"29TPE13",101,590,4.84158415841584,489
"29TPE15",184,750,3.07608695652174,566
"29TQH20",486,1007,1.07201646090535,521
"29TPE14",149,604,3.05369127516779,455
"29TQH22",312,795,1.54807692307692,483
"29TQH21",311,863,1.77491961414791,552
"29TQH24",779,1368,0.75609756097561,589
"29TQH23",252,1136,3.50793650793651,884
"29TPE06",272,810,1.97794117647059,538
"29TPE05",284,780,1.74647887323944,496
"29TPE08",160,583,2.64375,423
"29TPE07",378,730,0.931216931216931,352
"29TQH15",710,1414,0.991549295774648,704
"29TPE09",116,392,2.37931034482759,276
"29TQH14",546,1264,1.31501831501832,718
"29TQH17",222,1221,4.5,999
"29TQH16",705,1376,0.95177304964539,671
"29TQH19",157,563,2.5859872611465,406
"29TQH18",101,756,6.48514851485149,655
"29TPE04",197,716,2.63451776649746,519
"29TPE03",222,635,1.86036036036036,413
"29TQH11",217,1047,3.82488479262673,830
"29TQH10",185,1156,5.24864864864865,971
"29TQH13",164,1141,5.95731707317073,977
"29TQH12",218,855,2.92201834862385,637
"29TQH04",370,1099,1.97027027027027,729
"29TQH03",168,981,4.83928571428571,813
"29TQH06",467,1111,1.37901498929336,644
"29TQH05",585,1208,1.06495726495726,623
"29TQH08",66,552,7.36363636363636,486
"29TQH07",65,948,13.5846153846154,883
"29TQH09",121,549,3.53719008264463,428
"29TQH40",222,699,2.14864864864865,477
"29TQH42",37,473,11.7837837837838,436
"29TQH41",169,574,2.39644970414201,405
"29TQH44",560,1163,1.07678571428571,603
"29TQH43",82,872,9.63414634146342,790
"29TQH46",768,1338,0.7421875,570
"29TQH45",602,1327,1.20431893687708,725
"29TQH37",659,1414,1.14567526555387,755
"29TQH36",863,1511,0.750869061413673,648
"29TQH39",300,735,1.45,435
"29TQH38",340,1027,2.02058823529412,687
"29TQH31",50,870,16.4,820
"29TQH30",356,916,1.57303370786517,560
"29TQH33",239,1137,3.75732217573222,898
"29TQH32",83,746,7.98795180722892,663
"29TQH35",819,1492,0.821733821733822,673
"29TQH34",575,1345,1.33913043478261,770
"29TQH26",902,1527,0.69290465631929,625
"29TQH25",866,1511,0.744803695150115,645
"29TQH28",148,1017,5.87162162162162,869
"29TQH27",436,1397,2.20412844036697,961
"29TQH29",166,757,3.56024096385542,591
"29TNH30",163,387,1.37423312883436,224
"29TNH32",174,447,1.56896551724138,273
"29TNH31",173,369,1.13294797687861,196
"29TPE75",429,989,1.30536130536131,560
"29TPE74",174,861,3.94827586206897,687
"29TPE77",185,891,3.81621621621622,706
"29TPE76",279,1000,2.584229390681,721
"29TPE79",241,729,2.02489626556017,488
"29TNH23",115,601,4.22608695652174,486
"29TPE78",263,804,2.05703422053232,541
"29TNH22",187,481,1.57219251336898,294
"29TNH25",115,543,3.72173913043478,428
"29TNH24",168,563,2.35119047619048,395
"29TQH00",557,1279,1.29622980251347,722
"29TNH27",133,312,1.34586466165414,179
"29TNH26",63,305,3.84126984126984,242
"29TQH02",181,844,3.66298342541436,663
"29TNH29",55,234,3.25454545454545,179
"29TQH01",243,1146,3.71604938271605,903
"29TNH28",125,334,1.672,209
"29TPE73",84,551,5.55952380952381,467
"29TNH21",212,461,1.17452830188679,249
"29TNH20",146,544,2.72602739726027,398
"29TNH19",65,232,2.56923076923077,167
"30SXJ55",572,1196,1.09090909090909,624
"30SXJ54",691,1265,0.83068017366136,574
"30SXJ57",560,1128,1.01428571428571,568
"30SXJ56",499,1045,1.09418837675351,546
"30SXJ59",626,1367,1.18370607028754,741
"30SXJ58",672,1203,0.790178571428571,531
"30SXJ51",406,1041,1.564039408867,635
"30SXJ50",182,738,3.05494505494505,556
"30SXJ53",744,1291,0.735215053763441,547
"30SXJ52",668,1226,0.835329341317365,558
"30SXJ44",429,1123,1.61771561771562,694
"30SXJ43",528,1105,1.09280303030303,577
"30SXJ46",467,1040,1.22698072805139,573
"30SXJ45",484,1036,1.1404958677686,552
"30SXJ48",508,1212,1.38582677165354,704
"30SXJ47",452,1083,1.39601769911504,631
"30SXJ49",605,1313,1.1702479338843,708
"30STF80",530,1230,1.32075471698113,700
"30STF82",234,1141,3.87606837606838,907
"30STF81",641,1230,0.918876755070203,589
"30STF84",401,1279,2.18952618453865,878
"30STF83",263,1155,3.39163498098859,892
"30STF86",988,1543,0.561740890688259,555
"30STF85",702,1485,1.11538461538462,783
"30STF77",583,1457,1.4991423670669,874
"30SWH99",63,482,6.65079365079365,419
"30STF76",563,1455,1.58436944937833,892
"30STF79",360,1077,1.99166666666667,717
"30STF78",208,1387,5.66826923076923,1179
"30STF71",237,1227,4.17721518987342,990
"30STF70",750,1307,0.742666666666667,557
"30STF73",213,1026,3.8169014084507,813
"30STF72",185,1007,4.44324324324324,822
"30STF75",297,1434,3.82828282828283,1137
"30STF74",245,1198,3.88979591836735,953
"30STF66",321,1029,2.20560747663551,708
"30STF65",383,1106,1.88772845953003,723
"30STF68",151,924,5.11920529801325,773
"30STF67",131,977,6.45801526717557,846
"30STF69",99,778,6.85858585858586,679
"30STF99",184,1051,4.71195652173913,867
"30STF98",213,1412,5.62910798122066,1199
"30STF91",219,1062,3.84931506849315,843
"30STF90",35,941,25.8857142857143,906
"30STF93",523,1268,1.4244741873805,745
"30STF92",463,1227,1.65010799136069,764
"30STF95",663,1630,1.45852187028658,967
"30STF94",722,1421,0.96814404432133,699
"30STF97",700,1592,1.27428571428571,892
"30STF96",742,1642,1.21293800539084,900
"30STF88",768,1428,0.859375,660
"30STF87",1103,1508,0.367180417044424,405
"30STF89",566,1075,0.899293286219081,509
"30SWH10",642,1450,1.25856697819315,808
"30SWH09",139,772,4.55395683453237,633
"30SWH08",15,438,28.2,423
"30SWH01",500,1224,1.448,724
"30SWH00",527,1452,1.75521821631879,925
"30SWH03",234,923,2.94444444444444,689
"30SWH02",276,1066,2.86231884057971,790
"30SXK10",206,927,3.5,721
"30SWH05",210,721,2.43333333333333,511
"30SWH04",309,780,1.52427184466019,471
"30SXK12",593,986,0.662731871838111,393
"30SWH07",11,492,43.7272727272727,481
"30SXK11",275,931,2.38545454545455,656
"30SWH06",99,663,5.6969696969697,564
"30SXK01",307,982,2.19869706840391,675
"30SUK20",58,351,5.05172413793103,293
"30SXK00",328,948,1.89024390243902,620
"30SUK22",98,414,3.22448979591837,316
"30SXK02",305,1000,2.27868852459016,695
"30SUK21",34,375,10.0294117647059,341
"30SXK41",502,1333,1.65537848605578,831
"30SXK40",835,1330,0.592814371257485,495
"30SXK32",240,1227,4.1125,987
"30SXK31",223,1117,4.00896860986547,894
"30SUK11",52,314,5.03846153846154,262
"30SUK10",166,336,1.02409638554217,170
"30SUK12",78,374,3.79487179487179,296
"30SXK30",490,1185,1.41836734693878,695
"30SXK21",270,914,2.38518518518519,644
"30SUK40",77,311,3.03896103896104,234
"30SXK20",211,1021,3.83886255924171,810
"30SUK42",248,652,1.62903225806452,404
"30SXK22",306,1196,2.90849673202614,890
"30SUK41",131,504,2.84732824427481,373
"30SUK31",121,430,2.55371900826446,309
"30SUK30",46,314,5.82608695652174,268
"30SUK32",128,519,3.0546875,391
"30SWH70",432,995,1.30324074074074,563
"30SWH72",694,1144,0.648414985590778,450
"30SWH71",518,1018,0.965250965250965,500
"30SWH74",208,1142,4.49038461538461,934
"30SWH73",637,1190,0.868131868131868,553
"30SWH76",140,661,3.72142857142857,521
"30SWH75",75,874,10.6533333333333,799
"30SWH67",108,747,5.91666666666667,639
"30SWH66",202,953,3.71782178217822,751
"30SWH69",130,561,3.31538461538462,431
"30SWH68",112,614,4.48214285714286,502
"30SWH61",643,1001,0.556765163297045,358
"30SWH60",487,997,1.04722792607803,510
"30SWH63",95,1119,10.7789473684211,1024
"30STG61",27,582,20.5555555555556,555
"30SWH62",540,1065,0.972222222222222,525
"30STG60",120,707,4.89166666666667,587
"30SWH65",347,1074,2.09510086455331,727
"30STG63",10,388,37.8,378
"30SWH64",334,1147,2.43413173652695,813
"30STG62",32,434,12.5625,402
"30SWH56",424,1270,1.99528301886792,846
"30STG54",88,654,6.43181818181818,566
"30SWH55",544,1349,1.47977941176471,805
"30STG53",184,637,2.46195652173913,453
"30SWH58",177,791,3.46892655367232,614
"30STG56",95,411,3.32631578947368,316
"30SWH57",296,970,2.27702702702703,674
"30STG55",38,549,13.4473684210526,511
"30STG58",221,602,1.72398190045249,381
"30SWH59",159,588,2.69811320754717,429
"30STG57",130,478,2.67692307692308,348
"30STG59",351,684,0.948717948717949,333
"30SWH92",706,1142,0.617563739376771,436
"30SUK00",44,375,7.52272727272727,331
"30SWH91",629,1041,0.655007949125596,412
"30SWH94",309,1147,2.71197411003236,838
"30SUK02",48,452,8.41666666666667,404
"30SWH93",695,1209,0.739568345323741,514
"30SUK01",63,305,3.84126984126984,242
"30SWH96",93,423,3.54838709677419,330
"30STG50",198,504,1.54545454545455,306
"30SWH95",152,820,4.39473684210526,668
"30SWH98",29,444,14.3103448275862,415
"30STG52",49,559,10.4081632653061,510
"30SWH97",64,412,5.4375,348
"30STG51",174,469,1.69540229885057,295
"30SWH90",300,929,2.09666666666667,629
"30SWH89",15,421,27.0666666666667,406
"30STG43",347,733,1.11239193083573,386
"30SWH88",207,356,0.719806763285024,149
"30STG42",131,584,3.45801526717557,453
"30STG45",38,595,14.6578947368421,557
"30STG44",389,715,0.838046272493573,326
"30STG47",135,403,1.98518518518519,268
"30STG46",73,287,2.93150684931507,214
"30STG49",268,588,1.19402985074627,320
"30STG48",168,509,2.0297619047619,341
"30SWH81",491,1072,1.18329938900204,581
"30SWH80",489,966,0.975460122699387,477
"30SWH83",826,1219,0.475786924939467,393
"30STG81",326,726,1.22699386503067,400
"30SWH82",580,1182,1.03793103448276,602
"30STG80",365,884,1.42191780821918,519
"30SXK90",687,1358,0.976710334788937,671
"30SWH85",195,771,2.95384615384615,576
"30STG83",134,478,2.56716417910448,344
"30SWH84",406,1127,1.77586206896552,721
"30STG82",169,607,2.59171597633136,438
"30SXK92",926,1438,0.552915766738661,512
"30SWH87",76,419,4.51315789473684,343
"30SUJ90",154,665,3.31818181818182,511
"30STG85",83,335,3.03614457831325,252
"30SXK91",805,1394,0.73167701863354,589
"30SWH86",196,426,1.1734693877551,230
"30STG84",41,386,8.41463414634146,345
"30SUJ92",474,753,0.588607594936709,279
"30SUJ91",169,794,3.69822485207101,625
"30SUJ94",49,634,11.9387755102041,585
"30SUJ93",122,637,4.22131147540984,515
"30SWH78",46,474,9.30434782608696,428
"30STG76",77,481,5.24675324675325,404
"30SWH77",48,566,10.7916666666667,518
"30STG75",77,382,3.96103896103896,305
"30STG78",242,656,1.71074380165289,414
"30SWH79",110,508,3.61818181818182,398
"30STG77",279,539,0.931899641577061,260
"30SUJ85",407,795,0.953316953316953,388
"30SUJ84",57,702,11.3157894736842,645
"30STG79",324,702,1.16666666666667,378
"30SUJ87",210,850,3.04761904761905,640
"30SUJ86",154,886,4.75324675324675,732
"30SUJ89",66,474,6.18181818181818,408
"30SUJ88",56,547,8.76785714285714,491
"30STG70",267,862,2.22846441947566,595
"30SWH30",570,1198,1.10175438596491,628
"30STG72",122,520,3.26229508196721,398
"30STG71",96,676,6.04166666666667,580
"30SWH32",462,1210,1.61904761904762,748
"30STG74",109,416,2.81651376146789,307
"30SWH31",428,1273,1.97429906542056,845
"30STG73",55,420,6.63636363636364,365
"30SUJ81",251,845,2.36653386454183,594
"30SUJ80",47,560,10.9148936170213,513
"30SUJ83",45,737,15.3777777777778,692
"30SUJ82",245,842,2.43673469387755,597
"30SWH23",464,1168,1.51724137931034,704
"30STG65",185,408,1.20540540540541,223
"30SWH22",466,1227,1.63304721030043,761
"30STG64",70,435,5.21428571428571,365
"30SWH25",230,1027,3.46521739130435,797
"30STG67",157,535,2.40764331210191,378
"30SWH24",298,1122,2.76510067114094,824
"30STG66",71,490,5.90140845070423,419
"30SWH27",385,895,1.32467532467532,510
"30SUJ74",51,663,12,612
"30STG69",410,697,0.7,287
"30SWH26",275,976,2.54909090909091,701
"30SUJ73",94,694,6.38297872340426,600
"30STG68",263,656,1.49429657794677,393
"30SWH29",60,579,8.65,519
"30SUJ76",578,820,0.418685121107266,242
"30SWH28",118,729,5.17796610169492,611
"30SUJ75",306,718,1.34640522875817,412
"30SUJ78",182,534,1.93406593406593,352
"30SUJ77",165,835,4.06060606060606,670
"30SUJ79",80,390,3.875,310
"30SWH21",431,1367,2.17169373549884,936
"30SWH20",411,1360,2.30900243309002,949
"30SWH19",127,573,3.51181102362205,446
"30SWH12",348,1197,2.43965517241379,849
"30SWH11",518,1314,1.53667953667954,796
"30SWH14",260,987,2.79615384615385,727
"30SWH13",230,1084,3.71304347826087,854
"30SWH16",180,838,3.65555555555556,658
"30SWH15",307,839,1.7328990228013,532
"30SWH18",126,669,4.30952380952381,543
"30SWH17",207,747,2.60869565217391,540
"30SWH50",491,1085,1.20977596741344,594
"30SWH52",125,1076,7.608,951
"30SWH51",556,1089,0.95863309352518,533
"30SWH54",537,1290,1.40223463687151,753
"30SWH53",293,1174,3.00682593856655,881
"30SXK61",747,1449,0.939759036144578,702
"30SXK60",600,1420,1.36666666666667,820
"30SXK62",755,1447,0.916556291390728,692
"30SWH45",870,1330,0.528735632183908,460
"30SWH44",649,1312,1.02157164869029,663
"30SWH47",387,1041,1.68992248062015,654
"30SWH46",532,1263,1.37406015037594,731
"30SWH49",169,527,2.11834319526627,358
"30SUJ96",194,835,3.30412371134021,641
"30SWH48",170,813,3.78235294117647,643
"30SUJ95",341,752,1.20527859237537,411
"30SUJ98",171,473,1.76608187134503,302
"30SUJ97",130,618,3.75384615384615,488
"30SUJ99",146,571,2.91095890410959,425
"30SWH41",313,1253,3.00319488817891,940
"30SWH40",386,1219,2.1580310880829,833
"30SWH43",413,1176,1.84745762711864,763
"30STG41",55,434,6.89090909090909,379
"30SWH42",302,1230,3.07284768211921,928
"30STG40",61,458,6.50819672131148,397
"30SXK50",961,1418,0.475546305931322,457
"30SXK52",568,1475,1.59683098591549,907
"30SUJ50",42,270,5.42857142857143,228
"30SXK51",806,1473,0.827543424317618,667
"30STG39",200,462,1.31,262
"30SUJ49",115,380,2.30434782608696,265
"30SUJ48",132,482,2.65151515151515,350
"30SWH34",429,1296,2.02097902097902,867
"30STG32",72,459,5.375,387
"30SWH33",574,1231,1.14459930313589,657
"30STG31",16,238,13.875,222
"30SWH36",404,1267,2.13613861386139,863
"30STG34",323,675,1.08978328173375,352
"30SWH35",254,1292,4.08661417322835,1038
"30STG33",90,693,6.7,603
"30SWH38",146,852,4.83561643835616,706
"30SUJ41",54,167,2.09259259259259,113
"30STG36",30,213,6.1,183
"30SXK42",490,1330,1.71428571428571,840
"30SWH37",261,1090,3.17624521072797,829
"30SUJ40",25,244,8.76,219
"30STG35",48,552,10.5,504
"30SUJ43",118,269,1.27966101694915,151
"30STG38",85,391,3.6,306
"30SWH39",45,509,10.3111111111111,464
"30SUJ42",47,277,4.8936170212766,230
"30STG37",65,291,3.47692307692308,226
"30SUJ45",49,246,4.02040816326531,197
"30SUJ44",52,274,4.26923076923077,222
"30SUJ47",184,466,1.53260869565217,282
"30SUJ46",106,355,2.34905660377358,249
"30SXK81",876,1401,0.599315068493151,525
"30STG30",14,204,13.5714285714286,190
"30SXK80",708,1350,0.906779661016949,642
"30SXK82",875,1363,0.557714285714286,488
"30SUJ38",140,435,2.10714285714286,295
"30SUJ37",99,401,3.05050505050505,302
"30SUJ39",88,342,2.88636363636364,254
"30SUJ30",33,419,11.6969696969697,386
"30SUJ32",35,471,12.4571428571429,436
"30SUJ31",54,405,6.5,351
"30SUJ34",53,377,6.11320754716981,324
"30SUJ33",44,441,9.02272727272727,397
"30SUJ36",58,376,5.48275862068965,318
"30SUJ35",54,342,5.33333333333333,288
"30SXK70",665,1324,0.990977443609023,659
"30SXK72",635,1443,1.27244094488189,808
"30SUJ70",90,493,4.47777777777778,403
"30SXK71",609,1398,1.29556650246305,789
"30SUJ72",363,791,1.17906336088154,428
"30SUJ71",280,776,1.77142857142857,496
"30SUJ63",170,669,2.93529411764706,499
"30SUJ62",405,734,0.812345679012346,329
"30SUJ65",130,660,4.07692307692308,530
"30SUJ64",74,516,5.97297297297297,442
"30SUJ67",155,779,4.0258064516129,624
"30SUJ66",181,716,2.95580110497238,535
"30SUJ69",113,418,2.69911504424779,305
"30SUJ68",190,490,1.57894736842105,300
"30SUJ61",118,691,4.85593220338983,573
"30SUJ60",38,378,8.94736842105263,340
"30SUJ59",100,411,3.11,311
"30SUJ52",93,592,5.36559139784946,499
"30SUJ51",42,487,10.5952380952381,445
"30SUJ54",39,398,9.2051282051282,359
"30SUJ53",107,573,4.35514018691589,466
"30SUJ56",105,443,3.21904761904762,338
"30SUJ55",71,354,3.98591549295775,283
"30SUJ58",186,525,1.82258064516129,339
"30SUJ57",118,549,3.65254237288136,431
"30STG98",387,803,1.0749354005168,416
"30STG97",244,724,1.9672131147541,480
"30STG99",348,811,1.33045977011494,463
"30STG90",315,881,1.7968253968254,566
"30STG92",97,599,5.17525773195876,502
"30STG91",165,722,3.37575757575758,557
"30SXH82",540,989,0.831481481481481,449
"30STG94",46,411,7.93478260869565,365
"30SXH81",564,955,0.693262411347518,391
"30STG93",102,434,3.25490196078431,332
"30SXH84",596,1053,0.766778523489933,457
"30STG96",145,474,2.26896551724138,329
"30SXH83",571,1032,0.807355516637478,461
"30STG95",37,358,8.67567567567568,321
"30SXH86",720,1248,0.733333333333333,528
"30SXH85",653,1174,0.797856049004594,521
"30SXH88",620,1299,1.09516129032258,679
"30SXH87",836,1254,0.5,418
"30SXH80",340,914,1.68823529411765,574
"30STG87",113,652,4.76991150442478,539
"30STG86",45,504,10.2,459
"30STG89",281,705,1.50889679715302,424
"30SXH79",359,1019,1.83844011142061,660
"30STG88",314,704,1.24203821656051,390
"30SXH78",357,1093,2.06162464985994,736
"30SXH71",561,972,0.732620320855615,411
"30SXH70",286,935,2.26923076923077,649
"30SXH73",334,960,1.87425149700599,626
"30SXH72",388,938,1.41752577319588,550
"30SXH75",638,1100,0.724137931034483,462
"30SXH74",630,994,0.577777777777778,364
"30SXH77",463,1106,1.38876889848812,643
"30SXH76",636,1155,0.816037735849057,519
"30SXH68",126,748,4.93650793650794,622
"30SXH67",161,852,4.29192546583851,691
"30SXH69",119,732,5.15126050420168,613
"30SXH93",512,1044,1.0390625,532
"30SXH92",372,1012,1.72043010752688,640
"30SXH95",687,1200,0.746724890829694,513
"30SXH94",540,1046,0.937037037037037,506
"30SXH97",719,1384,0.924895688456189,665
"30SXH96",804,1302,0.619402985074627,498
"30SXH99",835,1415,0.694610778443114,580
"30SXH98",627,1468,1.34130781499203,841
"30SXH91",296,944,2.18918918918919,648
"30SXH90",377,853,1.26259946949602,476
"30SXH89",630,1241,0.96984126984127,611
"30SYK00",477,1312,1.75052410901468,835
"30SYK02",723,1466,1.02766251728907,743
"30SYK01",657,1395,1.12328767123288,738
"30SXH40",149,901,5.04697986577181,752
"30SVK10",319,681,1.13479623824451,362
"30SXH42",508,836,0.645669291338583,328
"30SVK12",169,568,2.36094674556213,399
"30SXH41",300,822,1.74,522
"30SVK11",291,694,1.38487972508591,403
"30SXH44",205,653,2.18536585365854,448
"30SXH43",229,791,2.45414847161572,562
"30SXH35",178,674,2.78651685393258,496
"30SXH34",225,763,2.39111111111111,538
"30SXH37",151,531,2.51655629139073,380
"30SXH36",156,545,2.49358974358974,389
"30SXH39",58,441,6.60344827586207,383
"30SXH38",109,458,3.20183486238532,349
"30SXH31",243,896,2.68724279835391,653
"30SVK01",154,661,3.29220779220779,507
"30SXH30",107,1025,8.57943925233645,918
"30SVK00",303,734,1.42244224422442,431
"30SXH33",286,897,2.13636363636364,611
"30SXH32",482,919,0.906639004149378,437
"30SVK02",66,484,6.33333333333333,418
"30SXH24",353,813,1.30311614730878,460
"30SXH23",417,892,1.13908872901679,475
"30SXH26",174,611,2.51149425287356,437
"30SXH25",250,776,2.104,526
"30SXH28",58,350,5.03448275862069,292
"30SXH27",78,522,5.69230769230769,444
"30SXH29",57,317,4.56140350877193,260
"30SXH60",521,948,0.81957773512476,427
"30SXH62",201,879,3.37313432835821,678
"30SXH61",167,916,4.48502994011976,749
"30SXH64",284,932,2.28169014084507,648
"30SXH63",197,904,3.58883248730964,707
"30SXH66",187,940,4.02673796791444,753
"30SXH65",396,969,1.4469696969697,573
"30SXH57",221,546,1.47058823529412,325
"30SXH56",161,622,2.86335403726708,461
"30SXH59",98,573,4.8469387755102,475
"30SXH58",141,524,2.71631205673759,383
"30SXH51",239,882,2.69037656903766,643
"30SXH50",337,841,1.49554896142433,504
"30SXH53",284,781,1.75,497
"30SXH52",232,766,2.30172413793103,534
"30SXH55",187,640,2.42245989304813,453
"30SXH54",205,715,2.48780487804878,510
"30SUG31",85,733,7.62352941176471,648
"30SUG30",235,840,2.57446808510638,605
"30SUG29",370,925,1.5,555
"30SXH46",208,475,1.28365384615385,267
"30SXH45",265,503,0.89811320754717,238
"30SXH48",329,492,0.495440729483283,163
"30SXH47",143,514,2.59440559440559,371
"30SUG22",117,601,4.13675213675214,484
"30SXH49",90,515,4.72222222222222,425
"30SUG21",217,675,2.11059907834101,458
"30SUG24",60,550,8.16666666666667,490
"30SUG23",43,608,13.1395348837209,565
"30SUG26",120,575,3.79166666666667,455
"30SUG25",73,573,6.84931506849315,500
"30SUG28",282,876,2.1063829787234,594
"30SUG27",274,726,1.64963503649635,452
"30SXH00",525,924,0.76,399
"30SUG20",111,722,5.5045045045045,611
"30SUG19",301,837,1.78073089700997,536
"30SUG18",343,821,1.3935860058309,478
"30SUG11",217,579,1.66820276497696,362
"30SUG10",166,767,3.62048192771084,601
"30SUG13",60,316,4.26666666666667,256
"30SUG12",98,435,3.43877551020408,337
"30SUG15",97,390,3.02061855670103,293
"30SUG14",89,356,3,267
"30SUG17",131,695,4.30534351145038,564
"30SUG16",59,493,7.35593220338983,434
"30SUG51",148,754,4.09459459459459,606
"30SUG50",174,1045,5.00574712643678,871
"30SUG53",371,804,1.16711590296496,433
"30SUG52",234,788,2.36752136752137,554
"30SVJ60",62,576,8.29032258064516,514
"30SVJ62",11,241,20.9090909090909,230
"30SVJ61",112,479,3.27678571428571,367
"30SUG44",170,703,3.13529411764706,533
"30SUG43",389,745,0.915167095115681,356
"30SUG46",197,560,1.84263959390863,363
"30SUG45",83,613,6.3855421686747,530
"30SVJ53",54,545,9.09259259259259,491
"30SUG48",110,885,7.04545454545455,775
"30SVJ52",88,402,3.56818181818182,314
"30SUG47",30,670,21.3333333333333,640
"30SVJ55",99,592,4.97979797979798,493
"30SVJ54",109,669,5.13761467889908,560
"30SUG49",553,985,0.78119349005425,432
"30SXH20",139,1017,6.31654676258993,878
"30SVJ57",18,279,14.5,261
"30SVJ56",37,493,12.3243243243243,456
"30SXH22",270,902,2.34074074074074,632
"30SVJ59",160,447,1.79375,287
"30SXH21",285,907,2.18245614035088,622
"30SVJ58",113,338,1.99115044247788,225
"30SUG40",364,848,1.32967032967033,484
"30SYK31",682,1339,0.963343108504399,657
"30SUG42",129,760,4.89147286821705,631
"30SYK30",595,1173,0.971428571428571,578
"30SUG41",261,750,1.8735632183908,489
"30SVJ51",4,559,138.75,555
"30SVJ50",336,588,0.75,252
"30SXH13",472,809,0.713983050847458,337
"30SXH12",369,785,1.12737127371274,416
"30SVJ49",88,561,5.375,473
"30SXH15",289,815,1.82006920415225,526
"30SXH14",456,845,0.853070175438597,389
"30SYK22",848,1334,0.57311320754717,486
"30SXH17",144,488,2.38888888888889,344
"30SUG33",131,674,4.14503816793893,543
"30SYK21",798,1362,0.706766917293233,564
"30SXH16",307,584,0.90228013029316,277
"30SUG32",342,702,1.05263157894737,360
"30SXH19",30,414,12.8,384
"30SUG35",334,592,0.772455089820359,258
"30SXH18",22,417,17.9545454545455,395
"30SUG34",357,623,0.745098039215686,266
"30SVJ42",111,393,2.54054054054054,282
"30SUG37",160,704,3.4,544
"30SVJ41",58,540,8.31034482758621,482
"30SUG36",63,550,7.73015873015873,487
"30SVJ44",224,616,1.75,392
"30SUG39",390,1001,1.56666666666667,611
"30SVJ43",289,579,1.00346020761246,290
"30SUG38",483,919,0.902691511387164,436
"30SVJ46",40,304,6.6,264
"30SVJ45",85,502,4.90588235294118,417
"30SXH11",302,850,1.81456953642384,548
"30SVJ48",79,462,4.84810126582278,383
"30SXH10",434,982,1.26267281105991,548
"30SVJ47",50,418,7.36,368
"30SYK20",661,1229,0.859304084720121,568
"30SVJ80",179,654,2.6536312849162,475
"30SVJ82",29,121,3.17241379310345,92
"30SVJ81",15,595,38.6666666666667,580
"30SVJ84",7,161,22,154
"30SVJ83",7,97,12.8571428571429,90
"30SXH09",236,449,0.902542372881356,213
"30SXH02",325,1107,2.40615384615385,782
"30SXH01",343,1049,2.05830903790087,706
"30SXH04",422,1094,1.59241706161137,672
"30SXH03",378,1137,2.00793650793651,759
"30SYK11",800,1316,0.645,516
"30SXH06",103,549,4.33009708737864,446
"30SYK10",631,1172,0.857369255150555,541
"30SXH05",139,810,4.8273381294964,671
"30SXH08",34,400,10.7647058823529,366
"30SYK12",716,1421,0.98463687150838,705
"30SXH07",62,453,6.30645161290323,391
"30SVJ75",112,482,3.30357142857143,370
"30SVJ74",23,427,17.5652173913043,404
"30SVJ77",160,398,1.4875,238
"30SVJ76",200,528,1.64,328
"30SVJ79",87,307,2.52873563218391,220
"30SVJ78",127,351,1.76377952755906,224
"30SYK51",225,824,2.66222222222222,599
"30SYK52",399,906,1.27067669172932,507
"30SVJ71",33,324,8.81818181818182,291
"30SVJ70",36,443,11.3055555555556,407
"30SVJ73",10,180,17,170
"30SVJ72",7,192,26.4285714285714,185
"30SVJ64",139,497,2.57553956834532,358
"30SVJ63",37,276,6.45945945945946,239
"30SVJ66",86,532,5.18604651162791,446
"30SVJ65",362,535,0.477900552486188,173
"30SVJ68",93,387,3.16129032258065,294
"30SVJ67",44,389,7.84090909090909,345
"30SVJ69",68,436,5.41176470588235,368
"30SYK40",457,1003,1.19474835886214,546
"30SYK42",518,1137,1.19498069498069,619
"30SYK41",495,1136,1.29494949494949,641
"30SUG08",515,816,0.584466019417476,301
"30SUG07",103,732,6.10679611650485,629
"30SUG09",489,820,0.676891615541922,331
"30SVJ17",82,550,5.70731707317073,468
"30SVJ16",167,485,1.90419161676647,318
"30SVJ19",199,692,2.47738693467337,493
"30SVJ18",86,493,4.73255813953488,407
"30SUG00",257,773,2.00778210116732,516
"30SYK32",680,1305,0.919117647058823,625
"30SUG02",31,451,13.5483870967742,420
"30SUG01",91,606,5.65934065934066,515
"30SWF76",487,695,0.427104722792608,208
"30SUG04",98,375,2.8265306122449,277
"30SUG03",57,360,5.31578947368421,303
"30SWF78",218,821,2.76605504587156,603
"30SVJ11",245,665,1.71428571428571,420
"30SUG06",31,496,15,465
"30SWF77",201,789,2.92537313432836,588
"30SVJ10",108,677,5.26851851851852,569
"30SUG05",122,392,2.21311475409836,270
"30SVJ13",97,515,4.30927835051546,418
"30SVJ12",132,646,3.89393939393939,514
"30SVJ15",93,448,3.81720430107527,355
"30SVJ14",50,374,6.48,324
"30SWF69",423,814,0.92434988179669,391
"30SWF68",317,794,1.50473186119874,477
"30SVJ06",284,666,1.34507042253521,382
"30SVJ05",93,624,5.70967741935484,531
"30SVJ08",48,478,8.95833333333333,430
"30SVJ07",52,560,9.76923076923077,508
"30SVJ09",101,689,5.82178217821782,588
"30SWF67",266,753,1.83082706766917,487
"30SVJ00",180,701,2.89444444444444,521
"30SWF66",206,655,2.17961165048544,449
"30SVJ02",50,749,13.98,699
"30SVJ01",149,788,4.28859060402685,639
"30SVJ04",35,511,13.6,476
"30SVJ03",42,608,13.4761904761905,566
"30SVJ40",178,558,2.13483146067416,380
"30SWF58",275,898,2.26545454545455,623
"30SWF57",260,759,1.91923076923077,499
"30SWF59",416,860,1.06730769230769,444
"30SVJ39",169,623,2.68639053254438,454
"30SVJ38",262,543,1.07251908396947,281
"30SWF98",164,590,2.59756097560976,426
"30SVJ31",46,532,10.5652173913043,486
"30SVJ30",76,429,4.64473684210526,353
"30SVJ33",103,684,5.64077669902913,581
"30SWF99",283,799,1.82332155477032,516
"30SVJ32",43,608,13.1395348837209,565
"30SVJ35",90,467,4.18888888888889,377
"30SVJ34",165,635,2.84848484848485,470
"30SVJ37",18,546,29.3333333333333,528
"30SVJ36",113,351,2.10619469026549,238
"30SVJ28",216,574,1.65740740740741,358
"30SVJ27",122,600,3.91803278688525,478
"30SVJ29",56,685,11.2321428571429,629
"30SUG99",134,681,4.08208955223881,547
"30SUG98",216,564,1.61111111111111,348
"30SWF87",340,699,1.05588235294118,359
"30SVJ20",172,522,2.03488372093023,350
"30SWF86",123,629,4.11382113821138,506
"30SWF89",295,855,1.89830508474576,560
"30SVJ22",299,644,1.15384615384615,345
"30SWF88",234,713,2.04700854700855,479
"30SVJ21",64,615,8.609375,551
"30SVJ24",69,483,6,414
"30SVJ23",194,585,2.01546391752577,391
"30SVJ26",100,420,3.2,320
"30SVJ25",58,438,6.55172413793103,380
"30SWF79",344,825,1.39825581395349,481
"30SUG71",86,801,8.31395348837209,715
"30SUG70",320,1099,2.434375,779
"30SUG73",252,1064,3.22222222222222,812
"30SUG72",243,936,2.85185185185185,693
"30SUG75",629,985,0.565977742448331,356
"30SUG74",576,1070,0.857638888888889,494
"30SUG66",142,799,4.62676056338028,657
"30SUG65",356,891,1.50280898876405,535
"30SUG68",63,456,6.23809523809524,393
"30SUG67",99,448,3.52525252525253,349
"30SUG69",134,679,4.06716417910448,545
"30SUG60",83,1042,11.5542168674699,959
"30SUG62",460,782,0.7,322
"30SUG61",96,765,6.96875,669
"30SUG64",473,944,0.995771670190275,471
"30SUG63",317,926,1.9211356466877,609
"30SUG55",181,699,2.86187845303867,518
"30SUG54",209,787,2.76555023923445,578
"30SUG57",196,466,1.37755102040816,270
"30SUG56",157,587,2.73885350318471,430
"30SUG59",256,850,2.3203125,594
"30SUG58",89,687,6.71910112359551,598
"30SUG91",279,833,1.98566308243728,554
"30SUG90",222,893,3.02252252252252,671
"30SUG93",337,1014,2.00890207715134,677
"30SUG92",303,961,2.17161716171617,658
"30SUG95",533,1053,0.975609756097561,520
"30SUG94",375,1054,1.81066666666667,679
"30SUG97",113,786,5.95575221238938,673
"30SUG96",431,953,1.21113689095128,522
"30SUG88",53,474,7.94339622641509,421
"30SUG87",153,655,3.28104575163399,502
"30SUG89",130,662,4.09230769230769,532
"30SVJ97",44,350,6.95454545454545,306
"30SVJ96",54,287,4.31481481481481,233
"30SVJ99",20,332,15.6,312
"30SVJ98",68,304,3.47058823529412,236
"30SUG80",216,1010,3.67592592592593,794
"30SUG82",398,948,1.38190954773869,550
"30SUG81",111,854,6.69369369369369,743
"30SUG84",497,1101,1.21529175050302,604
"30SUG83",638,1029,0.612852664576803,391
"30SVJ91",23,821,34.695652173913,798
"30SUG86",310,961,2.1,651
"30SVJ90",451,826,0.831485587583149,375
"30SUG85",484,1067,1.20454545454545,583
"30SVJ93",21,226,9.76190476190476,205
"30SVJ92",38,546,13.3684210526316,508
"30SVJ95",41,224,4.46341463414634,183
"30SVJ94",5,140,27,135
"30SUG77",80,493,5.1625,413
"30SUG76",176,882,4.01136363636364,706
"30SUG79",214,630,1.94392523364486,416
"30SUG78",39,401,9.28205128205128,362
"30SVJ86",80,330,3.125,250
"30SVJ85",45,251,4.57777777777778,206
"30SVJ88",39,297,6.61538461538461,258
"30SVJ87",85,355,3.17647058823529,270
"30SVJ89",22,310,13.0909090909091,288
"30SWF25",44,516,10.7272727272727,472
"30SWF27",414,1168,1.82125603864734,754
"30SWF26",317,904,1.85173501577287,587
"30SWF29",382,1270,2.32460732984293,888
"30SWF28",540,1213,1.2462962962963,673
"30SWF16",326,947,1.90490797546012,621
"30SWF18",538,1258,1.33828996282528,720
"30SWF17",525,1212,1.30857142857143,687
"30SWF19",370,1300,2.51351351351351,930
"30SWF47",478,878,0.836820083682008,400
"30SWF49",402,955,1.37562189054726,553
"30SWF48",349,987,1.82808022922636,638
"30SWF36",234,858,2.66666666666667,624
"30SWF38",425,1127,1.65176470588235,702
"30SWF37",412,1076,1.61165048543689,664
"30SWF39",357,1117,2.12885154061625,760
"30SUH50",349,853,1.44412607449857,504
"30SUH52",175,534,2.05142857142857,359
"30SUH51",306,710,1.3202614379085,404
"30SUH43",148,508,2.43243243243243,360
"30SUH42",201,531,1.64179104477612,330
"30SUH45",200,529,1.645,329
"30SUH44",197,470,1.38578680203046,273
"30SUH47",122,670,4.49180327868852,548
"30SUH46",151,632,3.18543046357616,481
"30SUH49",159,416,1.61635220125786,257
"30SUH48",183,629,2.43715846994536,446
"30SUH41",190,703,2.7,513
"30SUH40",433,927,1.14087759815242,494
"30SUH39",71,556,6.83098591549296,485
"30SWF07",450,1152,1.56,702
"30SWF06",268,905,2.37686567164179,637
"30SWF09",427,1313,2.07494145199063,886
"30SWF08",498,1263,1.53614457831325,765
"30SUH32",213,612,1.87323943661972,399
"30SUH31",197,762,2.86802030456853,565
"30SUH34",144,516,2.58333333333333,372
"30SUH33",228,581,1.54824561403509,353
"30SUH36",268,601,1.24253731343284,333
"30SUH35",137,516,2.76642335766423,379
"30SUH38",203,676,2.33004926108374,473
"30SUH37",405,655,0.617283950617284,250
"30SUH70",281,739,1.62989323843416,458
"30SUH72",243,750,2.08641975308642,507
"30SUH71",375,778,1.07466666666667,403
"30SUH74",181,909,4.02209944751381,728
"30SUH73",235,777,2.3063829787234,542
"30SVK81",34,395,10.6176470588235,361
"30SVK80",20,292,13.6,272
"30SVK82",181,459,1.53591160220994,278
"30SUH65",210,683,2.25238095238095,473
"30SUH64",152,537,2.53289473684211,385
"30SUH67",155,627,3.04516129032258,472
"30SUH66",111,680,5.12612612612613,569
"30SUH69",29,231,6.96551724137931,202
"30SUH68",46,349,6.58695652173913,303
"30SUH61",230,725,2.15217391304348,495
"30SUH60",397,753,0.896725440806045,356
"30SUH63",245,492,1.00816326530612,247
"30SUH62",167,605,2.62275449101796,438
"30SVK70",139,272,0.956834532374101,133
"30SVK72",141,438,2.1063829787234,297
"30SVK71",77,322,3.18181818181818,245
"30SUH54",266,483,0.815789473684211,217
"30SUH53",182,488,1.68131868131868,306
"30SUH56",259,553,1.13513513513514,294
"30SUH55",230,532,1.31304347826087,302
"30SUH58",62,466,6.51612903225806,404
"30SVK62",87,577,5.63218390804598,490
"30SUH57",162,539,2.32716049382716,377
"30SUH59",39,318,7.15384615384615,279
"30SUH07",373,780,1.0911528150134,407
"30SUH06",248,730,1.94354838709677,482
"30SUH09",156,636,3.07692307692308,480
"30SUH08",307,773,1.51791530944625,466
"30SUH01",146,576,2.94520547945205,430
"30SUH00",244,667,1.73360655737705,423
"30SUH03",327,678,1.07339449541284,351
"30SUH02",208,567,1.72596153846154,359
"30SUH05",206,655,2.17961165048544,449
"30SUH04",148,681,3.60135135135135,533
"30SVK90",35,296,7.45714285714286,261
"30SVK92",244,450,0.844262295081967,206
"30SVK91",90,397,3.41111111111111,307
"30SUH30",399,940,1.35588972431078,541
"30SUH29",187,621,2.32085561497326,434
"30SUH28",250,723,1.892,473
"30SUH21",302,747,1.47350993377483,445
"30SUH20",353,779,1.20679886685552,426
"30SUH23",255,606,1.37647058823529,351
"30SUH22",333,634,0.903903903903904,301
"30SVK30",139,597,3.29496402877698,458
"30SUH25",232,527,1.27155172413793,295
"30SUH24",228,551,1.41666666666667,323
"30SVK32",258,962,2.72868217054264,704
"30SUH27",193,689,2.5699481865285,496
"30SVK31",286,698,1.44055944055944,412
"30SUH26",257,633,1.46303501945525,376
"30SUH18",375,785,1.09333333333333,410
"30SUH17",341,759,1.2258064516129,418
"30SUH19",180,689,2.82777777777778,509
"30STE89",170,1090,5.41176470588235,920
"30SUH10",333,730,1.19219219219219,397
"30SUH12",264,651,1.46590909090909,387
"30SUH11",151,675,3.47019867549669,524
"30SUH14",187,603,2.22459893048128,416
"30SUH13",299,620,1.07357859531773,321
"30SVK21",128,725,4.6640625,597
"30SUH16",233,658,1.82403433476395,425
"30SVK20",110,699,5.35454545454545,589
"30SUH15",143,551,2.85314685314685,408
"30SVK22",135,715,4.2962962962963,580
"30SVK61",66,479,6.25757575757576,413
"30SVK60",42,451,9.73809523809524,409
"30SVK52",303,900,1.97029702970297,597
"30SVK51",227,633,1.78854625550661,406
"30SVK50",220,484,1.2,264
"30SVK41",145,731,4.04137931034483,586
"30SVK40",237,634,1.67510548523207,397
"30SVK42",445,955,1.14606741573034,510
"30STE59",384,932,1.42708333333333,548
"30STE49",213,653,2.06572769953052,440
"30SUH90",382,815,1.13350785340314,433
"30SUH92",411,949,1.30900243309002,538
"30SUH91",417,890,1.13429256594724,473
"30SUH94",533,1104,1.07129455909944,571
"30SUH93",448,1006,1.24553571428571,558
"30SUH96",170,938,4.51764705882353,768
"30SUH95",452,1034,1.28761061946903,582
"30STE79",589,1201,1.03904923599321,612
"30SUH87",139,658,3.73381294964029,519
"30SUH86",272,874,2.21323529411765,602
"30SUH89",48,329,5.85416666666667,281
"30SUH88",44,416,8.45454545454546,372
"30SUH81",375,819,1.184,444
"30SUH80",281,785,1.79359430604982,504
"30SUH83",542,921,0.699261992619926,379
"30SUH82",461,853,0.850325379609544,392
"30SUH85",587,976,0.662691652470187,389
"30SUH84",464,1032,1.22413793103448,568
"30STE69",559,1110,0.985688729874776,551
"30STE68",113,892,6.89380530973451,779
"30SUH76",348,832,1.39080459770115,484
"30SUH75",187,883,3.72192513368984,696
"30SUH78",98,333,2.39795918367347,235
"30SUH77",76,611,7.03947368421053,535
"30SUH79",41,239,4.82926829268293,198
"30SUH98",55,653,10.8727272727273,598
"30SUH97",180,690,2.83333333333333,510
"30SUH99",104,556,4.34615384615385,452
"30SWK51",228,743,2.25877192982456,515
"30SWK50",250,699,1.796,449
"30SWK42",257,705,1.7431906614786,448
"30SWK41",290,718,1.47586206896552,428
"30SWK40",246,696,1.82926829268293,450
"30SWK31",251,692,1.75697211155378,441
"30STK50",328,900,1.74390243902439,572
"30SWK30",169,672,2.97633136094675,503
"30STK52",388,1112,1.8659793814433,724
"30SWK32",80,642,7.025,562
"30STK51",635,947,0.491338582677165,312
"30SWK71",279,912,2.26881720430108,633
"30SWK70",346,854,1.46820809248555,508
"30SWK72",463,1007,1.17494600431965,544
"30STK41",100,790,6.9,690
"30STK40",73,749,9.26027397260274,676
"30STK42",38,833,20.9210526315789,795
"30SWK60",174,772,3.4367816091954,598
"30SWK62",374,878,1.3475935828877,504
"30STK81",302,832,1.75496688741722,530
"30SWK61",223,855,2.83408071748879,632
"30STK80",197,815,3.13705583756345,618
"30STK72",258,1099,3.25968992248062,841
"30SWK52",288,753,1.61458333333333,465
"30STK71",256,971,2.79296875,715
"30STK70",542,955,0.761992619926199,413
"30STK61",384,1030,1.68229166666667,646
"30STK60",470,993,1.11276595744681,523
"30SWK00",172,521,2.02906976744186,349
"30STK62",363,1151,2.17079889807163,788
"30SWK02",94,565,5.01063829787234,471
"30SWK01",114,590,4.17543859649123,476
"30SWK20",171,680,2.9766081871345,509
"30SWK22",176,648,2.68181818181818,472
"30SWK21",147,734,3.99319727891156,587
"30SWK11",111,691,5.22522522522523,580
"30SWK10",428,623,0.455607476635514,195
"30SWK12",237,612,1.58227848101266,375
"30SWK91",280,860,2.07142857142857,580
"30SWK90",434,865,0.993087557603687,431
"30SWK92",350,949,1.71142857142857,599
"30SWK80",338,896,1.6508875739645,558
"30SWK82",294,1010,2.43537414965986,716
"30STJ80",70,489,5.98571428571429,419
"30SWK81",334,919,1.75149700598802,585
"30STJ82",149,462,2.1006711409396,313
"30STJ81",175,498,1.84571428571429,323
"30SXF09",28,658,22.5,630
"30STJ73",32,433,12.53125,401
"30STJ72",89,468,4.25842696629214,379
"30STJ75",73,631,7.64383561643836,558
"30STJ74",15,423,27.2,408
"30STJ77",110,763,5.93636363636364,653
"30STJ76",280,647,1.31071428571429,367
"30STJ79",353,927,1.62606232294618,574
"30STJ78",268,756,1.82089552238806,488
"30STJ71",152,576,2.78947368421053,424
"30STJ70",190,587,2.08947368421053,397
"30STJ69",384,887,1.30989583333333,503
"30STJ62",87,488,4.60919540229885,401
"30STJ61",51,640,11.5490196078431,589
"30STJ64",79,237,2,158
"30STJ63",42,293,5.97619047619048,251
"30STJ66",75,488,5.50666666666667,413
"30STJ65",64,444,5.9375,380
"30STJ68",140,721,4.15,581
"30STJ67",26,625,23.0384615384615,599
"30SVH20",186,701,2.76881720430108,515
"30SVH19",151,673,3.45695364238411,522
"30SVH18",274,690,1.51824817518248,416
"30SVH11",295,814,1.75932203389831,519
"30SVH10",226,784,2.46902654867257,558
"30SVH13",210,853,3.06190476190476,643
"30SVH12",343,827,1.41107871720117,484
"30SVH15",219,906,3.13698630136986,687
"30SVH14",331,934,1.82175226586103,603
"30STJ95",214,777,2.63084112149533,563
"30SVH17",121,714,4.90082644628099,593
"30STJ94",105,509,3.84761904761905,404
"30SVH16",61,822,12.4754098360656,761
"30STJ97",601,959,0.59567387687188,358
"30STJ96",495,919,0.856565656565657,424
"30STJ99",124,633,4.10483870967742,509
"30STJ98",346,834,1.41040462427746,488
"30STJ91",35,474,12.5428571428571,439
"30STJ90",85,488,4.74117647058824,403
"30STJ93",78,453,4.80769230769231,375
"30STJ92",56,491,7.76785714285714,435
"30SVH08",173,666,2.84971098265896,493
"30SVH07",335,655,0.955223880597015,320
"30SVH09",331,631,0.906344410876133,300
"30SVH00",194,854,3.4020618556701,660
"30SVH02",386,923,1.39119170984456,537
"30SVH01",379,887,1.34036939313984,508
"30SVH04",430,1019,1.36976744186047,589
"30SVH03",455,954,1.0967032967033,499
"30STJ84",150,484,2.22666666666667,334
"30SVH06",198,846,3.27272727272727,648
"30STJ83",112,436,2.89285714285714,324
"30SVH05",421,958,1.27553444180523,537
"30STJ86",366,913,1.49453551912568,547
"30STJ85",258,794,2.07751937984496,536
"30STJ88",257,912,2.54863813229572,655
"30STJ87",147,994,5.76190476190476,847
"30SVH40",145,708,3.88275862068966,563
"30STJ89",155,900,4.80645161290323,745
"30SVH42",257,864,2.36186770428016,607
"30SVH41",207,764,2.69082125603865,557
"30SVH33",218,795,2.64678899082569,577
"30SVH32",278,758,1.72661870503597,480
"30SVH35",332,875,1.6355421686747,543
"30SVH34",185,876,3.73513513513514,691
"30SVH37",112,676,5.03571428571429,564
"30SVH36",132,810,5.13636363636364,678
"30SVH39",42,555,12.2142857142857,513
"30SVH38",38,559,13.7105263157895,521
"30SVH31",199,703,2.53266331658291,504
"30SVH30",95,658,5.92631578947368,563
"30SVH29",108,550,4.09259259259259,442
"30SVH22",290,713,1.45862068965517,423
"30SVH21",191,763,2.99476439790576,572
"30SXG96",326,600,0.840490797546012,274
"30SVH24",391,790,1.02046035805627,399
"30SVH23",242,727,2.00413223140496,485
"30SXG98",186,596,2.20430107526882,410
"30SVH26",276,735,1.66304347826087,459
"30SXG97",140,582,3.15714285714286,442
"30SVH25",381,801,1.10236220472441,420
"30SVH28",322,577,0.791925465838509,255
"30SXG99",482,680,0.410788381742739,198
"30SVH27",86,655,6.61627906976744,569
"30SXG65",319,743,1.32915360501567,424
"30SXG67",76,772,9.1578947368421,696
"30SXG66",428,757,0.768691588785047,329
"30SXG58",239,601,1.51464435146444,362
"30SXG57",159,715,3.49685534591195,556
"30SXG59",291,815,1.80068728522337,524
"30SXG56",292,718,1.45890410958904,426
"30SXG55",209,702,2.35885167464115,493
"30SXG47",170,730,3.29411764705882,560
"30SXG46",381,678,0.779527559055118,297
"30SXG49",191,888,3.64921465968586,697
"30SXG48",203,829,3.08374384236453,626
"30SVH99",19,677,34.6315789473684,658
"30SVH98",47,256,4.4468085106383,209
"30SXG85",274,719,1.62408759124088,445
"30SXG87",104,751,6.22115384615385,647
"30SXG86",375,746,0.989333333333333,371
"30SXG89",216,730,2.37962962962963,514
"30SXG88",143,624,3.36363636363636,481
"30SVH91",218,1000,3.58715596330275,782
"30SVH90",149,1303,7.74496644295302,1154
"30SVH93",136,778,4.72058823529412,642
"30SVH92",240,898,2.74166666666667,658
"30SVH95",194,603,2.10824742268041,409
"30SVH94",247,645,1.61133603238866,398
"30SVH97",24,261,9.875,237
"30SVH96",94,462,3.91489361702128,368
"30SXG79",129,803,5.22480620155039,674
"30SVH88",11,294,25.7272727272727,283
"30SVH87",36,233,5.47222222222222,197
"30SVH89",41,654,14.9512195121951,613
"30SXG76",467,815,0.745182012847966,348
"30SXG75",12,803,65.9166666666667,791
"30SXG78",37,562,14.1891891891892,525
"30SXG77",66,774,10.7272727272727,708
"30SXG69",355,830,1.33802816901408,475
"30SXG68",147,569,2.87074829931973,422
"30SVH60",167,706,3.22754491017964,539
"30SVH62",165,738,3.47272727272727,573
"30SVH61",212,735,2.46698113207547,523
"30SVH64",232,934,3.02586206896552,702
"30SVH63",143,912,5.37762237762238,769
"30SVH55",574,986,0.717770034843206,412
"30SVH54",639,1009,0.579029733959311,370
"30SVH57",92,463,4.03260869565217,371
"30SVH56",128,860,5.71875,732
"30SVH59",106,579,4.4622641509434,473
"30SVH58",26,388,13.9230769230769,362
"30SVH51",240,778,2.24166666666667,538
"30SVH50",128,754,4.890625,626
"30SVH53",341,980,1.87390029325513,639
"30SVH52",404,839,1.07673267326733,435
"30SVH44",331,1021,2.08459214501511,690
"30SVH43",354,1002,1.83050847457627,648
"30SVH46",248,887,2.57661290322581,639
"30SVH45",388,993,1.55927835051546,605
"30SVH48",69,435,5.30434782608696,366
"30SVH47",75,540,6.2,465
"30SVH49",151,579,2.83443708609272,428
"30SVH80",32,760,22.75,728
"30SVH82",142,605,3.26056338028169,463
"30SVH81",74,615,7.31081081081081,541
"30SVH84",96,511,4.32291666666667,415
"30SVH83",112,599,4.34821428571429,487
"30SVH86",65,411,5.32307692307692,346
"30SVH85",128,521,3.0703125,393
"30SVH77",35,190,4.42857142857143,155
"30SVH76",68,437,5.42647058823529,369
"30SVH79",178,395,1.21910112359551,217
"30SVH78",18,280,14.5555555555556,262
"30SVH71",108,560,4.18518518518519,452
"30SVH70",91,608,5.68131868131868,517
"30SVH73",124,481,2.87903225806452,357
"30SVH72",159,488,2.06918238993711,329
"30SVH75",196,501,1.55612244897959,305
"30SVH74",181,498,1.75138121546961,317
"30SVH66",59,768,12.0169491525424,709
"30SVH65",268,913,2.40671641791045,645
"30SVH68",16,354,21.125,338
"30SVH67",43,294,5.83720930232558,251
"30SVH69",33,536,15.2424242424242,503
"30SXG23",258,640,1.48062015503876,382
"30SXG14",249,807,2.24096385542169,558
"30SXG13",483,791,0.63768115942029,308
"30SXG16",275,666,1.42181818181818,391
"30SXG15",218,663,2.04128440366972,445
"30SXG18",181,1076,4.94475138121547,895
"30SXG17",371,842,1.26954177897574,471
"30SXG19",294,1045,2.55442176870748,751
"30SXG12",170,785,3.61764705882353,615
"30SXG03",346,807,1.33236994219653,461
"30SXG02",383,878,1.29242819843342,495
"30SXG05",264,637,1.41287878787879,373
"30SXG04",291,807,1.77319587628866,516
"30SXG07",245,779,2.17959183673469,534
"30SXG06",217,758,2.49308755760369,541
"30SXG09",240,922,2.84166666666667,682
"30SXG08",275,921,2.34909090909091,646
"30SYJ50",901,1298,0.440621531631521,397
"30SXG45",330,636,0.927272727272727,306
"30SYJ51",262,1165,3.44656488549618,903
"30SXG36",357,712,0.994397759103641,355
"30SXG35",362,667,0.842541436464088,305
"30SXG38",362,980,1.70718232044199,618
"30SXG37",234,856,2.65811965811966,622
"30SYJ44",129,1067,7.27131782945736,938
"30SXG39",560,967,0.726785714285714,407
"30SYJ49",207,830,3.00966183574879,623
"30SXG34",270,553,1.04814814814815,283
"30SYJ41",616,1388,1.25324675324675,772
"30SYJ40",805,1429,0.775155279503106,624
"30SYJ43",107,1195,10.1682242990654,1088
"30SYJ42",499,1249,1.50300601202405,750
"30SUF09",451,778,0.725055432372506,327
"30SUF08",76,1045,12.75,969
"30SXG25",226,656,1.90265486725664,430
"30SXG24",317,708,1.23343848580442,391
"30SXG27",253,869,2.43478260869565,616
"30SXG26",244,749,2.06967213114754,505
"30SYJ34",529,1275,1.41020793950851,746
"30SXG29",634,1063,0.676656151419558,429
"30SYJ33",853,1383,0.621336459554513,530
"30SXG28",452,1039,1.29867256637168,587
"30SYJ36",318,1002,2.15094339622642,684
"30SUF03",605,1214,1.00661157024793,609
"30SYJ35",627,964,0.537480063795853,337
"30SUF02",46,986,20.4347826086957,940
"30SYJ38",577,1154,1,577
"30SUF05",589,1595,1.70797962648557,1006
"30SYJ37",166,1058,5.37349397590361,892
"30SUF04",473,1425,2.01268498942918,952
"30SUF07",370,1457,2.93783783783784,1087
"30SYJ39",761,1031,0.354796320630749,270
"30SUF06",993,1569,0.580060422960725,576
"30STK90",44,538,11.2272727272727,494
"30STK92",24,650,26.0833333333333,626
"30STK91",42,555,12.2142857142857,513
"30STK82",175,779,3.45142857142857,604
"30SYJ60",222,1074,3.83783783783784,852
"30SUF23",69,894,11.9565217391304,825
"30SUF25",613,1523,1.48450244698206,910
"30SUF24",466,1265,1.71459227467811,799
"30SUF27",369,1446,2.91869918699187,1077
"30SUF26",975,1501,0.53948717948718,526
"30SUF29",146,966,5.61643835616438,820
"30SUF28",280,1156,3.12857142857143,876
"30SXG01",365,870,1.38356164383562,505
"30SXG00",229,819,2.5764192139738,590
"30SYJ10",616,1466,1.37987012987013,850
"30SYJ09",625,1137,0.8192,512
"30SYJ08",673,1135,0.686478454680535,462
"30SUF19",271,764,1.81918819188192,493
"30SYJ01",599,1241,1.07178631051753,642
"30SYJ00",816,1455,0.783088235294118,639
"30SYJ03",507,1090,1.14990138067061,583
"30SUF14",402,1297,2.22636815920398,895
"30SYJ02",579,1177,1.03281519861831,598
"30SUF13",149,976,5.5503355704698,827
"30SYJ05",613,1066,0.738988580750408,453
"30SUF16",835,1553,0.859880239520958,718
"30SYJ04",508,1099,1.16338582677165,591
"30SUF15",723,1575,1.17842323651452,852
"30SYJ07",534,1074,1.01123595505618,540
"30SUF18",132,919,5.96212121212121,787
"30SYJ06",510,1106,1.16862745098039,596
"30SUF17",308,1469,3.76948051948052,1161
"30SYJ30",847,1425,0.682408500590319,578
"30SYJ32",946,1410,0.490486257928118,464
"30SYJ31",781,1423,0.82202304737516,642
"30SYJ23",1018,1395,0.370333988212181,377
"30SYJ22",853,1430,0.676436107854631,577
"30SYJ25",427,1088,1.5480093676815,661
"30SYJ24",430,1319,2.06744186046512,889
"30SYJ27",749,1183,0.579439252336449,434
"30SYJ26",678,1176,0.734513274336283,498
"30SYJ29",736,1145,0.55570652173913,409
"30SYJ28",618,1274,1.06148867313916,656
"30SYJ21",777,1391,0.79021879021879,614
"30SYJ20",814,1474,0.810810810810811,660
"30SYJ19",738,1099,0.489159891598916,361
"30SYJ12",582,1348,1.31615120274914,766
"30SYJ11",749,1328,0.773030707610147,579
"30SYJ14",463,1265,1.73218142548596,802
"30SYJ13",522,1316,1.52107279693487,794
"30SYJ16",501,1221,1.43712574850299,720
"30SYJ15",547,1122,1.05118829981718,575
"30SYJ18",649,1258,0.938366718027735,609
"30SYJ17",639,1220,0.909233176838811,581
"30SUF96",133,903,5.78947368421053,770
"30SUF98",265,1368,4.1622641509434,1103
"30SUF97",148,1375,8.29054054054054,1227
"30SUF89",541,1050,0.940850277264325,509
"30SUF88",318,1174,2.69182389937107,856
"30SUF87",266,1123,3.2218045112782,857
"30SUF86",418,989,1.36602870813397,571
"30SUF78",258,1267,3.91085271317829,1009
"30SUF77",594,1134,0.909090909090909,540
"30SUF79",561,1157,1.06238859180036,596
"30SUF99",339,1350,2.98230088495575,1011
"30SUF54",229,1137,3.96506550218341,908
"30SUF45",673,1305,0.939078751857355,632
"30SUF44",527,1184,1.24667931688805,657
"30SUF47",615,1300,1.11382113821138,685
"30SUF46",321,1374,3.2803738317757,1053
"30SUF49",456,1165,1.55482456140351,709
"30SUF48",678,1287,0.898230088495575,609
"30SUF43",201,840,3.17910447761194,639
"30SUF34",626,1253,1.00159744408946,627
"30SUF36",401,1504,2.75062344139651,1103
"30SUF35",651,1491,1.29032258064516,840
"30SUF38",704,1294,0.838068181818182,590
"30SUF37",661,1474,1.22995461422088,813
"30SUF39",323,1154,2.57275541795666,831
"30SUF76",708,1135,0.603107344632768,427
"30SUF75",52,1001,18.25,949
"30SUF67",198,1162,4.86868686868687,964
"30SUF66",378,1260,2.33333333333333,882
"30SUF69",760,1083,0.425,323
"30SUF68",386,1211,2.13730569948187,825
"30SUF65",634,1184,0.867507886435331,550
"30SUF64",51,921,17.0588235294118,870
"30SUF56",592,1282,1.16554054054054,690
"30SUF55",689,1258,0.825834542815675,569
"30SUF58",213,1240,4.82159624413146,1027
"30SUF57",150,1170,6.8,1020
"30SUF59",199,1210,5.08040201005025,1011
"30SVF97",294,946,2.21768707482993,652
"30SVF96",219,728,2.32420091324201,509
"30SVF99",413,1297,2.14043583535109,884
"30SVF98",261,1217,3.66283524904215,956
"30SVF89",505,1684,2.33465346534653,1179
"30STH80",323,641,0.984520123839009,318
"30STH82",181,573,2.16574585635359,392
"30STH81",271,614,1.26568265682657,343
"30STH84",125,640,4.12,515
"30STH83",261,621,1.37931034482759,360
"30STH75",107,433,3.04672897196262,326
"30STH74",37,463,11.5135135135135,426
"30STH77",241,573,1.37759336099585,332
"30STH76",131,539,3.11450381679389,408
"30STH79",243,592,1.43621399176955,349
"30STH78",140,588,3.2,448
"30STH71",261,666,1.55172413793103,405
"30STH70",397,686,0.727959697732998,289
"30STH73",158,501,2.17088607594937,343
"30STH72",172,607,2.52906976744186,435
"30STH64",10,332,32.2,322
"30STH63",70,487,5.95714285714286,417
"30STH66",83,449,4.40963855421687,366
"30STH65",11,308,27,297
"30STH68",194,658,2.39175257731959,464
"30STH67",156,492,2.15384615384615,336
"30STH69",167,682,3.08383233532934,515
"30STH97",393,744,0.893129770992366,351
"30STH96",216,722,2.34259259259259,506
"30STH99",55,522,8.49090909090909,467
"30STH98",64,716,10.1875,652
"30STH91",124,551,3.44354838709677,427
"30STH90",269,666,1.47583643122677,397
"30STH93",214,645,2.01401869158878,431
"30STH92",252,599,1.37698412698413,347
"30STH95",239,679,1.84100418410042,440
"30STH94",458,675,0.473799126637555,217
"30STH86",242,648,1.67768595041322,406
"30STH85",197,659,2.34517766497462,462
"30STH88",204,618,2.02941176470588,414
"30STH87",224,643,1.87053571428571,419
"30STH89",49,473,8.6530612244898,424
"30STH40",348,621,0.78448275862069,273
"30STH39",46,313,5.80434782608696,267
"30STH38",6,170,27.3333333333333,164
"30STH31",18,533,28.6111111111111,515
"30STH30",211,477,1.260663507109,266
"30STH33",183,497,1.71584699453552,314
"30STH32",22,539,23.5,517
"30STH35",6,125,19.8333333333333,119
"30STH34",1,339,338,338
"30STH37",5,103,19.6,98
"30STH36",4,139,33.75,135
"30SYG06",106,379,2.57547169811321,273
"30SYG08",4,551,136.75,547
"30SYG07",24,432,17,408
"30SYG09",68,603,7.86764705882353,535
"30STH60",436,700,0.605504587155963,264
"30STH62",244,599,1.45491803278689,355
"30STH61",324,692,1.1358024691358,368
"30SUK71",44,280,5.36363636363636,236
"30SUK70",28,310,10.0714285714286,282
"30STH53",68,589,7.66176470588235,521
"30STH52",253,670,1.64822134387352,417
"30STH55",31,262,7.45161290322581,231
"30STH54",74,352,3.75675675675676,278
"30SUK62",131,491,2.74809160305344,360
"30STH57",154,413,1.68181818181818,259
"30SUK61",60,370,5.16666666666667,310
"30STH56",70,350,4,280
"30STH59",404,667,0.650990099009901,263
"30STH58",118,608,4.15254237288136,490
"30STH51",353,725,1.05382436260623,372
"30STH50",384,695,0.809895833333333,311
"30SUK60",78,253,2.24358974358974,175
"30STH49",69,586,7.49275362318841,517
"30STH42",358,643,0.79608938547486,285
"30STH41",240,657,1.7375,417
"30STH44",62,399,5.43548387096774,337
"30STH43",195,578,1.96410256410256,383
"30SUK51",29,471,15.2413793103448,442
"30STH46",20,280,13,260
"30SUK50",59,303,4.13559322033898,244
"30STH45",52,232,3.46153846153846,180
"30STH48",15,523,33.8666666666667,508
"30SUK52",274,596,1.17518248175182,322
"30STH47",80,289,2.6125,209
"30SUK91",59,479,7.11864406779661,420
"30SUK90",102,585,4.73529411764706,483
"30SUK92",74,308,3.16216216216216,234
"30SUK80",48,376,6.83333333333333,328
"30SUK82",16,229,13.3125,213
"30SUK81",120,252,1.1,132
"30SUK72",56,277,3.94642857142857,221
"30SVF66",372,895,1.40591397849462,523
"30SVF57",415,1281,2.08674698795181,866
"30SVF56",470,987,1.1,517
"30SVF59",702,1736,1.47293447293447,1034
"30SVF58",574,1467,1.55574912891986,893
"30SYH56",442,1060,1.39819004524887,618
"30SYH47",784,1437,0.832908163265306,653
"30SYH46",466,1185,1.54291845493562,719
"30SYH49",898,1513,0.684855233853007,615
"30SYH48",942,1499,0.591295116772824,557
"30SVF46",367,1080,1.94277929155313,713
"30SVF48",507,1444,1.84812623274162,937
"30SVF47",417,1323,2.1726618705036,906
"30SVF49",585,1557,1.66153846153846,972
"30SVF86",146,575,2.93835616438356,429
"30SVF88",248,1166,3.70161290322581,918
"30SVF87",202,808,3,606
"30SYH36",530,1241,1.34150943396226,711
"30SYH35",262,944,2.6030534351145,682
"30SYH38",956,1456,0.523012552301255,500
"30SYH37",755,1412,0.870198675496689,657
"30SVF79",520,1758,2.38076923076923,1238
"30SYH39",870,1449,0.66551724137931,579
"30SVF78",379,1241,2.27440633245383,862
"30SVF77",252,993,2.94047619047619,741
"30SVF76",205,699,2.40975609756098,494
"30SYH69",406,1208,1.97536945812808,802
"30SYH68",437,1188,1.71853546910755,751
"30SVF68",538,1403,1.60780669144981,865
"30SVF67",386,1205,2.12176165803109,819
"30SVF69",594,1840,2.0976430976431,1246
"30SYH67",107,1094,9.22429906542056,987
"30SYH58",881,1409,0.599318955732123,528
"30SYH57",809,1318,0.629171817058096,509
"30SYH59",867,1409,0.625144175317186,542
"30SVF17",618,1520,1.45954692556634,902
"30SVF16",297,1172,2.94612794612795,875
"30SVF19",316,1445,3.57278481012658,1129
"30SVF18",830,1531,0.844578313253012,701
"30SVF09",228,1411,5.18859649122807,1183
"30SVF06",188,936,3.97872340425532,748
"30SVF08",1032,1447,0.402131782945736,415
"30SVF07",535,1416,1.64672897196262,881
"30SVF37",601,1373,1.28452579034942,772
"30SVF36",497,1185,1.38430583501006,688
"30SVF39",206,1249,5.0631067961165,1043
"30SVF38",495,1386,1.8,891
"30SVF26",550,1223,1.22363636363636,673
"30SVF28",529,1429,1.70132325141777,900
"30SVF27",807,1464,0.814126394052045,657
"30SVF29",289,1305,3.51557093425606,1016
"30SWJ30",22,411,17.6818181818182,389
"30SWJ29",107,624,4.83177570093458,517
"30SWJ28",194,466,1.4020618556701,272
"30SWJ21",158,597,2.77848101265823,439
"30SWJ20",165,615,2.72727272727273,450
"30SWJ23",71,238,2.35211267605634,167
"30SWJ22",110,446,3.05454545454545,336
"30SWJ25",206,410,0.990291262135922,204
"30SWJ24",18,346,18.2222222222222,328
"30SWJ27",187,547,1.92513368983957,360
"30SWJ26",204,526,1.57843137254902,322
"30SWJ18",151,416,1.75496688741722,265
"30SWJ17",175,513,1.93142857142857,338
"30SWJ19",141,593,3.20567375886525,452
"30SWJ10",374,744,0.989304812834225,370
"30SWJ12",18,667,36.0555555555556,649
"30SWJ11",308,738,1.3961038961039,430
"30STJ30",62,389,5.2741935483871,327
"30SWJ14",66,332,4.03030303030303,266
"30SWJ13",6,333,54.5,327
"30SWJ16",133,494,2.71428571428571,361
"30SWJ15",88,412,3.68181818181818,324
"30SWJ50",94,460,3.8936170212766,366
"30SWJ52",15,201,12.4,186
"30SWJ51",39,325,7.33333333333333,286
"30SWJ43",23,190,7.26086956521739,167
"30SWJ42",112,240,1.14285714285714,128
"30SWJ45",192,383,0.994791666666667,191
"30SWJ44",17,313,17.4117647058824,296
"30SWJ47",173,499,1.88439306358382,326
"30SWJ46",147,466,2.17006802721088,319
"30SWJ49",214,639,1.98598130841122,425
"30SWJ48",222,592,1.66666666666667,370
"30SWJ41",98,291,1.96938775510204,193
"30STJ60",263,742,1.8212927756654,479
"30SWJ40",47,386,7.21276595744681,339
"30STJ59",290,726,1.50344827586207,436
"30SWJ39",111,581,4.23423423423423,470
"30STJ58",119,582,3.89075630252101,463
"30SWJ32",72,344,3.77777777777778,272
"30STJ51",313,664,1.12140575079872,351
"30SWJ31",49,397,7.10204081632653,348
"30STJ50",220,728,2.30909090909091,508
"30SWJ34",19,356,17.7368421052632,337
"30STJ53",25,350,13,325
"30SWJ33",12,271,21.5833333333333,259
"30STJ52",73,523,6.16438356164384,450
"30SWJ36",95,517,4.44210526315789,422
"30STJ55",54,287,4.31481481481481,233
"30SWJ35",168,425,1.5297619047619,257
"30STJ54",38,270,6.10526315789474,232
"30SWJ38",204,546,1.67647058823529,342
"30STJ57",114,350,2.07017543859649,236
"30SWJ37",195,544,1.78974358974359,349
"30STJ56",58,300,4.17241379310345,242
"30STJ48",20,419,19.95,399
"30STJ47",18,231,11.8333333333333,213
"30STJ49",62,496,7,434
"30STJ40",240,678,1.825,438
"30STJ42",156,477,2.05769230769231,321
"30STJ41",176,594,2.375,418
"30STJ44",47,205,3.36170212765957,158
"30STJ43",58,274,3.72413793103448,216
"30STJ46",26,232,7.92307692307692,206
"30STJ45",83,200,1.40963855421687,117
"30SWJ07",62,395,5.37096774193548,333
"30SWJ06",101,362,2.58415841584158,261
"30SWJ09",128,540,3.21875,412
"30SWJ08",140,329,1.35,189
"30SWJ01",459,891,0.941176470588235,432
"30SWJ00",146,900,5.16438356164384,754
"30SWJ03",7,268,37.2857142857143,261
"30SWJ02",167,635,2.80239520958084,468
"30SWJ05",67,274,3.08955223880597,207
"30SWJ04",28,176,5.28571428571429,148
"30SWJ98",260,782,2.00769230769231,522
"30SWJ97",189,646,2.41798941798942,457
"30SWJ99",406,842,1.07389162561576,436
"30SYH12",251,755,2.00796812749004,504
"30SWJ70",179,381,1.12849162011173,202
"30SWJ72",14,365,25.0714285714286,351
"30SWJ71",18,394,20.8888888888889,376
"30SWJ74",289,679,1.34948096885813,390
"30SWJ73",83,507,5.10843373493976,424
"30SYH03",374,978,1.61497326203209,604
"30SYH02",440,869,0.975,429
"30SYH05",542,1240,1.28782287822878,698
"30SYH04",478,1093,1.28661087866109,615
"30SYH07",660,1434,1.17272727272727,774
"30SYH06",852,1314,0.542253521126761,462
"30SYH09",1030,1505,0.461165048543689,475
"30SYH08",765,1531,1.00130718954248,766
"30SWJ65",207,724,2.4975845410628,517
"30SWJ64",82,598,6.29268292682927,516
"30SWJ67",216,755,2.49537037037037,539
"30SWJ66",300,783,1.61,483
"30SWJ69",187,727,2.88770053475936,540
"30SYH01",405,741,0.82962962962963,336
"30SWJ68",206,742,2.60194174757282,536
"30SYH00",263,676,1.57034220532319,413
"30SWJ61",25,334,12.36,309
"30SWJ60",125,461,2.688,336
"30SWJ63",24,369,14.375,345
"30SWJ62",10,150,14,140
"30SWJ54",22,344,14.6363636363636,322
"30SWJ53",10,199,18.9,189
"30SWJ56",125,549,3.392,424
"30SWJ55",183,492,1.68852459016393,309
"30SWJ58",194,619,2.19072164948454,425
"30SWJ57",198,565,1.85353535353535,367
"30SWJ59",333,654,0.963963963963964,321
"30SWJ90",98,498,4.08163265306122,400
"30SWJ92",68,601,7.83823529411765,533
"30SWJ91",183,537,1.9344262295082,354
"30SWJ94",82,654,6.97560975609756,572
"30SWJ93",146,574,2.93150684931507,428
"30SWJ96",260,598,1.3,338
"30SWJ95",129,586,3.54263565891473,457
"30SYH25",556,1093,0.965827338129496,537
"30SYH24",419,961,1.29355608591885,542
"30SYH27",714,1456,1.03921568627451,742
"30SYH26",520,1297,1.49423076923077,777
"30SYH29",746,1518,1.03485254691689,772
"30SYH28",841,1507,0.791914387633769,666
"30SWJ87",278,789,1.83812949640288,511
"30SWJ86",233,774,2.32188841201717,541
"30SWJ89",384,892,1.32291666666667,508
"30SWJ88",362,860,1.37569060773481,498
"30SYH22",122,620,4.08196721311475,498
"30SWJ81",34,459,12.5,425
"30SWJ80",18,413,21.9444444444444,395
"30SWJ83",301,522,0.73421926910299,221
"30SWJ82",180,466,1.58888888888889,286
"30SWJ85",340,733,1.15588235294118,393
"30SWJ84",292,668,1.28767123287671,376
"30SYH14",628,1038,0.652866242038217,410
"30SYH13",601,901,0.499168053244592,300
"30SYH16",690,1318,0.910144927536232,628
"30SYH15",591,1221,1.06598984771574,630
"30SYH18",1067,1540,0.443298969072165,473
"30SYH17",786,1426,0.814249363867684,640
"30SYH19",1076,1519,0.411710037174721,443
"30SWJ76",495,809,0.634343434343434,314
"30SWJ75",488,776,0.590163934426229,288
"30SWJ78",283,845,1.98586572438163,562
"30SWJ77",432,810,0.875,378
"30SWJ79",366,845,1.30874316939891,479
"30SVG21",351,881,1.50997150997151,530
"30SVG20",202,861,3.26237623762376,659
"30SVG19",253,750,1.96442687747036,497
"30SVG12",310,757,1.44193548387097,447
"30SVG11",238,827,2.47478991596639,589
"30SVG14",290,894,2.08275862068966,604
"30SVG13",175,822,3.69714285714286,647
"30SVG16",358,1159,2.23743016759777,801
"30SVG15",329,1095,2.32826747720365,766
"30SVG18",146,988,5.76712328767123,842
"30SVG17",330,1163,2.52424242424242,833
"30SVG10",287,854,1.97560975609756,567
"30SVG09",157,713,3.54140127388535,556
"30SVG08",163,698,3.28220858895706,535
"30SVG01",47,859,17.2765957446809,812
"30SVG00",206,848,3.11650485436893,642
"30SVG03",151,966,5.39735099337748,815
"30SVG02",206,846,3.10679611650485,640
"30SVG05",282,1065,2.77659574468085,783
"30SVG04",300,1004,2.34666666666667,704
"30SVG07",162,887,4.47530864197531,725
"30SVG06",330,977,1.96060606060606,647
"30SWG93",337,828,1.45697329376855,491
"30SWG92",284,979,2.44718309859155,695
"30SWG95",243,848,2.48971193415638,605
"30SWG94",180,829,3.60555555555556,649
"30SWG97",247,919,2.72064777327935,672
"30SWG96",204,936,3.58823529411765,732
"30SWG99",350,944,1.69714285714286,594
"30SWG98",285,973,2.4140350877193,688
"30SWG91",442,1032,1.33484162895928,590
"30SWG90",526,991,0.884030418250951,465
"30SWG89",479,902,0.883089770354906,423
"30SWG82",307,945,2.07817589576547,638
"30SWG81",538,1009,0.87546468401487,471
"30SWG84",281,853,2.0355871886121,572
"30SWG83",303,797,1.63036303630363,494
"30SWG86",432,1046,1.4212962962963,614
"30SWG85",322,936,1.90683229813665,614
"30SWG88",272,1053,2.87132352941176,781
"30SWG87",405,1004,1.47901234567901,599
"30SWG80",428,1003,1.34345794392523,575
"30SWG79",531,932,0.755178907721281,401
"30SWG78",204,1032,4.05882352941176,828
"30SVG81",301,1684,4.59468438538206,1383
"30SVG80",399,1717,3.30325814536341,1318
"30SVG83",144,624,3.33333333333333,480
"30SVG82",199,977,3.90954773869347,778
"30SVG85",156,594,2.80769230769231,438
"30SVG84",127,558,3.39370078740157,431
"30SVG87",172,971,4.6453488372093,799
"30SVG86",249,752,2.02008032128514,503
"30SVG78",281,1013,2.60498220640569,732
"30SVG77",252,1022,3.05555555555556,770
"30SVG79",129,854,5.62015503875969,725
"30SVG70",1470,1794,0.220408163265306,324
"30SVG72",231,1167,4.05194805194805,936
"30SVG71",610,1792,1.93770491803279,1182
"30SVG74",92,619,5.72826086956522,527
"30SVG73",228,767,2.3640350877193,539
"30SVG76",148,851,4.75,703
"30SVG75",102,578,4.66666666666667,476
"30SVG67",557,1119,1.00897666068223,562
"30SVG66",176,1007,4.72159090909091,831
"30SVG69",245,956,2.90204081632653,711
"30SVG68",436,1175,1.69495412844037,739
"30SVG99",426,1416,2.32394366197183,990
"30SVG92",100,829,7.29,729
"30SVG91",182,1043,4.73076923076923,861
"30SVG94",154,610,2.96103896103896,456
"30SVG93",101,667,5.6039603960396,566
"30SVG96",248,831,2.3508064516129,583
"30SVG95",159,596,2.74842767295597,437
"30SVG98",453,1411,2.11479028697572,958
"30SVG97",393,1202,2.05852417302799,809
"30SVG90",430,1173,1.72790697674419,743
"30SVG89",125,975,6.8,850
"30SVG88",334,1035,2.09880239520958,701
"30SVG41",752,1589,1.11303191489362,837
"30SVG40",393,1589,3.04325699745547,1196
"30SVG43",140,1023,6.30714285714286,883
"30SVG42",242,1310,4.41322314049587,1068
"30SVG34",240,849,2.5375,609
"30SVG33",144,781,4.42361111111111,637
"30SVG36",645,1336,1.07131782945736,691
"30SVG35",446,1123,1.51793721973094,677
"30SVG38",511,1242,1.43052837573386,731
"30SVG37",685,1390,1.02919708029197,705
"30SVG39",83,888,9.69879518072289,805
"30SVG30",282,1268,3.49645390070922,986
"30SVG32",338,1100,2.25443786982249,762
"30SVG31",117,1211,9.35042735042735,1094
"30SVG23",163,847,4.19631901840491,684
"30SVG22",263,795,2.02281368821293,532
"30SVG25",390,1172,2.00512820512821,782
"30SVG24",178,914,4.13483146067416,736
"30SVG27",671,1333,0.986587183308495,662
"30SVG26",671,1310,0.95230998509687,639
"30SVG29",151,862,4.70860927152318,711
"30SVG28",407,1155,1.83783783783784,748
"30SVG61",625,1886,2.0176,1261
"30SVG60",1149,1849,0.609225413402959,700
"30SVG63",235,955,3.06382978723404,720
"30SVG62",355,1337,2.76619718309859,982
"30SVG65",99,541,4.46464646464646,442
"30SVG64",124,663,4.34677419354839,539
"30SVG56",197,1151,4.84263959390863,954
"30SVG55",137,763,4.56934306569343,626
"30SVG58",473,1277,1.69978858350951,804
"30SVG57",723,1246,0.723374827109267,523
"30SVG59",270,1006,2.72592592592593,736
"30SVG50",1012,1780,0.758893280632411,768
"30SVG52",616,1421,1.30681818181818,805
"30SVG51",561,1769,2.15329768270945,1208
"30SVG54",112,752,5.71428571428571,640
"30SVG53",322,980,2.04347826086957,658
"30SVG45",330,1004,2.04242424242424,674
"30SVG44",242,863,2.56611570247934,621
"30SVG47",607,1386,1.2833607907743,779
"30SVG46",442,1312,1.9683257918552,870
"30SVG49",158,987,5.24683544303798,829
"30SVG48",387,1337,2.45478036175711,950
"30SUJ05",58,688,10.8620689655172,630
"30SUJ04",56,472,7.42857142857143,416
"30SUJ07",311,908,1.91961414790997,597
"30SUJ06",284,865,2.04577464788732,581
"30SUJ09",70,591,7.44285714285714,521
"30SUJ08",199,828,3.1608040201005,629
"30SUJ01",219,500,1.28310502283105,281
"30SUJ00",45,521,10.5777777777778,476
"30SUJ03",119,465,2.90756302521008,346
"30SUJ02",99,517,4.22222222222222,418
"30SXJ20",34,326,8.58823529411765,292
"30SXJ19",517,844,0.632495164410058,327
"30SXJ18",314,942,2,628
"30SXJ11",77,564,6.32467532467532,487
"30SXJ10",159,467,1.93710691823899,308
"30SXJ13",343,646,0.883381924198251,303
"30SXJ12",265,632,1.38490566037736,367
"30SXJ15",142,680,3.7887323943662,538
"30SXJ14",62,682,10,620
"30SXJ17",224,849,2.79017857142857,625
"30SXJ16",246,813,2.30487804878049,567
"30SXJ08",214,825,2.85514018691589,611
"30SUJ27",75,437,4.82666666666667,362
"30SXJ07",221,623,1.81900452488688,402
"30SUJ26",183,438,1.39344262295082,255
"30SUJ29",62,414,5.67741935483871,352
"30SXJ09",277,896,2.23465703971119,619
"30SUJ28",44,428,8.72727272727273,384
"30SXJ00",43,555,11.906976744186,512
"30SXJ02",342,638,0.865497076023392,296
"30SUJ21",175,525,2,350
"30SXJ01",98,607,5.19387755102041,509
"30SUJ20",115,489,3.25217391304348,374
"30SXJ04",11,614,54.8181818181818,603
"30SUJ23",183,539,1.94535519125683,356
"30SXJ03",402,574,0.427860696517413,172
"30SUJ22",288,565,0.961805555555556,277
"30SXJ06",200,494,1.47,294
"30SUJ25",149,416,1.79194630872483,267
"30SXJ05",147,439,1.98639455782313,292
"30SUJ24",66,447,5.77272727272727,381
"30SUJ16",110,614,4.58181818181818,504
"30SUJ15",63,514,7.15873015873016,451
"30SUJ18",88,547,5.21590909090909,459
"30SUJ17",223,626,1.80717488789238,403
"30SUJ19",120,451,2.75833333333333,331
"30SUJ10",155,582,2.75483870967742,427
"30SUJ12",186,627,2.37096774193548,441
"30SUJ11",138,591,3.28260869565217,453
"30SUJ14",167,469,1.80838323353293,302
"30SUJ13",194,562,1.89690721649485,368
"30SWG51",261,1023,2.91954022988506,762
"30SWG50",365,989,1.70958904109589,624
"30SWG53",257,861,2.35019455252918,604
"30SWG52",280,950,2.39285714285714,670
"30SWG55",168,776,3.61904761904762,608
"30SWG54",220,762,2.46363636363636,542
"30SWG46",128,650,4.078125,522
"30SWG45",119,674,4.66386554621849,555
"30SWG48",230,797,2.46521739130435,567
"30SWG47",155,738,3.76129032258065,583
"30SWG49",267,1148,3.29962546816479,881
"30SWG40",357,1025,1.87114845938375,668
"30SWG42",395,968,1.45063291139241,573
"30STF40",304,910,1.99342105263158,606
"30SWG41",366,1042,1.84699453551913,676
"30SWG44",208,751,2.61057692307692,543
"30STF42",281,997,2.54804270462633,716
"30SWG43",334,883,1.6437125748503,549
"30STF41",345,959,1.77971014492754,614
"30SWG35",182,666,2.65934065934066,484
"30STF33",316,664,1.10126582278481,348
"30SWG34",144,779,4.40972222222222,635
"30STF32",390,842,1.15897435897436,452
"30SWG37",232,781,2.36637931034483,549
"30STF35",76,482,5.34210526315789,406
"30SWG36",235,590,1.51063829787234,355
"30STF34",165,605,2.66666666666667,440
"30SWG39",330,1145,2.46969696969697,815
"30STF37",21,487,22.1904761904762,466
"30SWG38",222,958,3.31531531531532,736
"30STF36",59,460,6.79661016949153,401
"30STF39",46,312,5.78260869565217,266
"30STF38",109,419,2.84403669724771,310
"30SWG71",284,916,2.22535211267606,632
"30SWG70",253,953,2.76679841897233,700
"30SWG73",298,751,1.52013422818792,453
"30SWG72",278,874,2.14388489208633,596
"30SXJ80",528,1206,1.28409090909091,678
"30SWG75",303,1005,2.31683168316832,702
"30SWG74",246,841,2.41869918699187,595
"30SXJ82",689,1159,0.682148040638607,470
"30SWG77",494,993,1.01012145748988,499
"30STF31",577,823,0.426343154246101,246
"30SXJ81",672,1160,0.726190476190476,488
"30SWG76",416,1066,1.5625,650
"30STF30",256,769,2.00390625,513
"30SXJ84",553,1252,1.26401446654611,699
"30SXJ83",571,1213,1.12434325744308,642
"30SXJ86",726,1338,0.84297520661157,612
"30SXJ85",809,1327,0.640296662546354,518
"30SWG68",140,953,5.80714285714286,813
"30SWG67",273,825,2.02197802197802,552
"30SWG69",451,860,0.906873614190687,409
"30SXJ77",841,1361,0.618311533888228,520
"30SXJ76",927,1313,0.416396979503776,386
"30SXJ79",548,1306,1.38321167883212,758
"30SXJ78",911,1319,0.447859495060373,408
"30SWG60",254,900,2.54330708661417,646
"30SWG62",270,839,2.10740740740741,569
"30STF60",544,1145,1.10477941176471,601
"30SWG61",275,921,2.34909090909091,646
"30SWG64",209,768,2.67464114832536,559
"30STF62",348,881,1.5316091954023,533
"30SWG63",192,779,3.05729166666667,587
"30STF61",423,1065,1.5177304964539,642
"30SXJ71",496,1161,1.34072580645161,665
"30SWG66",390,916,1.34871794871795,526
"30STF64",722,1043,0.444598337950138,321
"30SXJ70",268,1076,3.01492537313433,808
"30SWG65",338,875,1.5887573964497,537
"30STF63",416,1041,1.50240384615385,625
"30SXJ73",634,1319,1.08044164037855,685
"30SXJ72",678,1283,0.892330383480826,605
"30SXJ75",657,1361,1.07153729071537,704
"30SXJ74",671,1336,0.991058122205663,665
"30SWG57",115,743,5.46086956521739,628
"30STF55",234,1022,3.36752136752137,788
"30SWG56",253,768,2.03557312252964,515
"30STF54",342,1047,2.06140350877193,705
"30SWG59",67,978,13.5970149253731,911
"30STF57",233,742,2.18454935622318,509
"30SWG58",107,882,7.24299065420561,775
"30STF56",133,806,5.06015037593985,673
"30SXJ66",621,1249,1.01127214170692,628
"30STF59",186,570,2.06451612903226,384
"30SXJ65",627,1343,1.14194577352472,716
"30STF58",78,662,7.48717948717949,584
"30SXJ68",875,1290,0.474285714285714,415
"30SXJ67",678,1313,0.936578171091445,635
"30SXJ69",590,1415,1.39830508474576,825
"30STF51",212,957,3.51415094339623,745
"30STF50",279,1029,2.68817204301075,750
"30SWG11",237,1044,3.40506329113924,807
"30STF53",514,1039,1.02140077821012,525
"30SWG10",428,1094,1.55607476635514,666
"30STF52",439,899,1.04783599088838,460
"30SWG09",911,1468,0.611416026344676,557
"30SWG02",227,1183,4.21145374449339,956
"30STF44",190,815,3.28947368421053,625
"30SWG01",213,1057,3.96244131455399,844
"30STF43",328,870,1.65243902439024,542
"30SWG04",163,1133,5.95092024539877,970
"30STF46",216,627,1.90277777777778,411
"30SWG03",289,1138,2.93771626297578,849
"30STF45",186,665,2.5752688172043,479
"30SXJ99",551,1203,1.18330308529946,652
"30SWG06",148,840,4.67567567567568,692
"30STF48",173,602,2.47976878612717,429
"30SXJ98",532,1180,1.21804511278195,648
"30SWG05",80,691,7.6375,611
"30STF47",212,629,1.96698113207547,417
"30SWG08",676,1455,1.15236686390533,779
"30SWG07",417,1199,1.87529976019185,782
"30STF49",101,504,3.99009900990099,403
"30SXJ91",531,1286,1.42184557438795,755
"30SXJ90",647,1349,1.08500772797527,702
"30SXJ93",611,1169,0.913256955810147,558
"30SWG00",374,1142,2.05347593582888,768
"30SXJ92",644,1196,0.857142857142857,552
"30SXJ95",603,1209,1.00497512437811,606
"30SXJ94",618,1193,0.93042071197411,575
"30SXJ97",563,1218,1.16341030195382,655
"30SXJ96",608,1252,1.05921052631579,644
"30SXJ88",743,1281,0.724091520861373,538
"30SXJ87",766,1344,0.754569190600522,578
"30SXJ89",540,1258,1.32962962962963,718
"30SWG31",301,1037,2.44518272425249,736
"30SWG30",291,1027,2.52920962199313,736
"30SWG33",231,963,3.16883116883117,732
"30SWG32",247,996,3.03238866396761,749
"30SXJ40",52,616,10.8461538461538,564
"30SXJ42",301,1049,2.48504983388704,748
"30SXJ41",133,908,5.82706766917293,775
"30SWG24",306,1216,2.97385620915033,910
"30SWG23",163,1245,6.63803680981595,1082
"30SWG26",170,686,3.03529411764706,516
"30SWG25",188,766,3.07446808510638,578
"30SXJ33",518,834,0.61003861003861,316
"30SWG28",310,1209,2.9,899
"30SXJ32",397,781,0.967254408060453,384
"30SWG27",128,943,6.3671875,815
"30SXJ35",402,914,1.27363184079602,512
"30SXJ34",322,931,1.89130434782609,609
"30SWG29",359,1312,2.65459610027855,953
"30SXJ37",742,1062,0.431266846361186,320
"30SXJ36",443,1039,1.34537246049661,596
"30SXJ39",596,1203,1.01845637583893,607
"30SXJ38",423,1210,1.86052009456265,787
"30SWG20",259,1071,3.13513513513514,812
"30SWG22",270,1250,3.62962962962963,980
"30SWG21",257,1048,3.07782101167315,791
"30SXJ31",93,607,5.52688172043011,514
"30SXJ30",60,318,4.3,258
"30SXJ29",503,1016,1.01988071570577,513
"30SWG13",959,1205,0.256517205422315,246
"30SWG12",398,1219,2.06281407035176,821
"30SWG15",217,738,2.40092165898618,521
"30SWG14",299,1185,2.96321070234114,886
"30SXJ22",244,689,1.82377049180328,445
"30SWG17",212,1129,4.32547169811321,917
"30SXJ21",24,603,24.125,579
"30SWG16",172,775,3.50581395348837,603
"30SXJ24",295,793,1.68813559322034,498
"30SWG19",768,1428,0.859375,660
"30SXJ23",376,717,0.906914893617021,341
"30SWG18",466,1369,1.93776824034335,903
"30SXJ26",480,975,1.03125,495
"30SXJ25",130,805,5.19230769230769,675
"30SXJ28",374,1128,2.01604278074866,754
"30SXJ27",646,1002,0.551083591331269,356
"30SXJ60",209,880,3.21052631578947,671
"30SXJ62",723,1286,0.778699861687414,563
"30SXJ61",536,1123,1.09514925373134,587
"30SXJ64",830,1351,0.627710843373494,521
"30SXJ63",835,1359,0.627544910179641,524
"30TWL62",275,997,2.62545454545455,722
"30TWL61",497,997,1.00603621730382,500
"30TWL64",364,1072,1.94505494505495,708
"30TWL63",385,950,1.46753246753247,565
"30TWL66",187,912,3.87700534759358,725
"30TWL65",490,978,0.995918367346939,488
"30TWL68",296,733,1.47635135135135,437
"30TWL67",228,695,2.04824561403509,467
"30TWL60",325,1106,2.40307692307692,781
"30TWL59",213,839,2.93896713615023,626
"30TWL58",141,782,4.54609929078014,641
"30TWL51",439,904,1.05922551252847,465
"30TWL50",527,945,0.793168880455408,418
"30TWL53",367,989,1.69482288828338,622
"30TWL52",238,1004,3.21848739495798,766
"30TWL55",561,1103,0.966131907308378,542
"30TWL54",463,1182,1.55291576673866,719
"30TWL57",175,782,3.46857142857143,607
"30TWL56",375,1022,1.72533333333333,647
"30TWL91",270,1055,2.90740740740741,785
"30TWL90",258,1147,3.44573643410853,889
"30TWL93",212,886,3.17924528301887,674
"30TWL92",372,901,1.42204301075269,529
"30TWL84",177,870,3.91525423728814,693
"30TWL83",187,911,3.8716577540107,724
"30TWL86",107,776,6.25233644859813,669
"30TWL85",294,772,1.62585034013605,478
"30TWL88",331,815,1.46223564954683,484
"30TWL87",82,698,7.51219512195122,616
"30TWL89",371,948,1.55525606469003,577
"30TWL80",545,1168,1.14311926605505,623
"30TWL82",484,964,0.991735537190083,480
"30TWL81",436,1048,1.40366972477064,612
"30TTL78",295,1172,2.9728813559322,877
"30TTL77",619,1026,0.65751211631664,407
"30TTL79",303,1065,2.51485148514851,762
"30TWL73",376,931,1.47606382978723,555
"30TWL72",411,1010,1.45742092457421,599
"30TWL75",364,834,1.29120879120879,470
"30TWL74",286,963,2.36713286713287,677
"30TWL77",206,690,2.3495145631068,484
"30TTL70",66,780,10.8181818181818,714
"30TWL76",44,786,16.8636363636364,742
"30TWL79",241,963,2.99585062240664,722
"30TTL72",68,1062,14.6176470588235,994
"30TWL78",186,843,3.53225806451613,657
"30TTL71",58,786,12.551724137931,728
"30TTL74",552,1098,0.989130434782609,546
"30TTL73",819,1086,0.326007326007326,267
"30TTL76",154,1011,5.56493506493506,857
"30TTL75",289,889,2.07612456747405,600
"30TTL67",526,1069,1.03231939163498,543
"30TTL66",123,1040,7.45528455284553,917
"30TTL69",526,1135,1.15779467680608,609
"30TTL68",144,1202,7.34722222222222,1058
"30TTL61",454,734,0.616740088105727,280
"30TTL60",135,978,6.24444444444444,843
"30TTL63",461,1040,1.25596529284165,579
"30TTL62",201,991,3.93034825870647,790
"30TTL65",371,945,1.54716981132075,574
"30TTL64",302,1044,2.45695364238411,742
"30TTL99",252,823,2.26587301587302,571
"30TTL92",92,833,8.05434782608696,741
"30TTL91",47,615,12.0851063829787,568
"30TTL94",424,876,1.06603773584906,452
"30TTL93",425,874,1.05647058823529,449
"30TTL96",183,725,2.96174863387978,542
"30TTL95",302,809,1.67880794701987,507
"30TTL98",193,773,3.00518134715026,580
"30TTL97",141,759,4.38297872340426,618
"30TTL90",10,274,26.4,264
"30TTL89",213,960,3.50704225352113,747
"30TTL88",253,1048,3.14229249011858,795
"30TTL81",123,607,3.9349593495935,484
"30TTL80",88,648,6.36363636363636,560
"30TTL83",661,1092,0.652042360060514,431
"30TTL82",516,1025,0.986434108527132,509
"30TTL85",163,875,4.3680981595092,712
"30TTL84",405,1102,1.72098765432099,697
"30TTL87",141,925,5.56028368794326,784
"30TTL86",76,888,10.6842105263158,812
"30TXM15",474,835,0.761603375527426,361
"30TXM14",342,967,1.82748538011696,625
"30TXM17",545,1047,0.921100917431193,502
"30TXM16",441,930,1.10884353741497,489
"30TXM19",294,1320,3.48979591836735,1026
"30TXM18",726,1101,0.516528925619835,375
"30TXM11",368,1426,2.875,1058
"30TXM10",125,1415,10.32,1290
"30TXM13",323,1390,3.30340557275542,1067
"30TXM12",285,1441,4.05614035087719,1156
"30TXM04",237,1276,4.38396624472574,1039
"30TXM03",311,1541,3.95498392282958,1230
"30TXM06",408,1032,1.52941176470588,624
"30TXM05",263,998,2.79467680608365,735
"30TXM08",641,1183,0.845553822152886,542
"30TXM07",586,1089,0.858361774744027,503
"30TXM09",378,1291,2.41534391534392,913
"30TXM00",555,1391,1.50630630630631,836
"30TXM02",1062,1528,0.43879472693032,466
"30TXM01",952,1538,0.615546218487395,586
"30TXM37",151,747,3.94701986754967,596
"30TXM36",328,726,1.21341463414634,398
"30TXM39",334,1158,2.46706586826347,824
"30TXM38",270,817,2.02592592592593,547
"30TXM31",124,686,4.53225806451613,562
"30TXM30",113,933,7.25663716814159,820
"30TXM33",143,729,4.0979020979021,586
"30TXM32",68,763,10.2205882352941,695
"30TXM35",390,745,0.91025641025641,355
"30TXM34",285,802,1.8140350877193,517
"30TUL09",223,761,2.41255605381166,538
"30TXM26",269,912,2.39033457249071,643
"30TXM25",230,883,2.83913043478261,653
"30TXM28",363,1018,1.80440771349862,655
"30TXM27",446,993,1.22645739910314,547
"30TUL02",102,610,4.98039215686275,508
"30TXM29",409,1273,2.11246943765281,864
"30TUL01",77,446,4.79220779220779,369
"30TUL04",39,758,18.4358974358974,719
"30TUL03",90,638,6.08888888888889,548
"30TUL06",315,796,1.52698412698413,481
"30TUL05",158,814,4.15189873417722,656
"30TXM20",127,1052,7.28346456692913,925
"30TUL08",166,772,3.65060240963855,606
"30TUL07",192,768,3,576
"30TXM22",261,924,2.54022988505747,663
"30TXM21",308,755,1.4512987012987,447
"30TXM24",260,943,2.62692307692308,683
"30TXM23",405,872,1.15308641975309,467
"30TUL00",65,295,3.53846153846154,230
"30TUL24",46,573,11.4565217391304,527
"30TUL23",45,424,8.42222222222222,379
"30TUL26",4,568,141,564
"30TUL25",10,566,55.6,556
"30TUL28",19,626,31.9473684210526,607
"30TUL27",54,559,9.35185185185185,505
"30TUL29",156,658,3.21794871794872,502
"30TUL20",34,613,17.0294117647059,579
"30TUL22",6,509,83.8333333333333,503
"30TUL21",42,575,12.6904761904762,533
"30TUL13",94,422,3.48936170212766,328
"30TUL12",329,429,0.303951367781155,100
"30TUL15",483,648,0.341614906832298,165
"30TUL14",13,573,43.0769230769231,560
"30TUL17",35,700,19,665
"30TUL16",32,695,20.71875,663
"30TUL19",238,715,2.00420168067227,477
"30TUL18",490,706,0.440816326530612,216
"30TUL11",101,430,3.25742574257426,329
"30TUL10",24,412,16.1666666666667,388
"30TXL81",324,898,1.77160493827161,574
"30TXL80",280,871,2.11071428571429,591
"30TXL83",246,822,2.34146341463415,576
"30TXL82",351,969,1.76068376068376,618
"30TXL74",221,948,3.289592760181,727
"30TXL73",509,1005,0.974459724950884,496
"30TXL76",201,669,2.32835820895522,468
"30TXL75",144,819,4.6875,675
"30TXL78",240,650,1.70833333333333,410
"30TXL77",240,684,1.85,444
"30TXL79",261,716,1.74329501915709,455
"30TXL70",231,835,2.61471861471861,604
"30TXL72",273,1048,2.83882783882784,775
"30TXL71",497,880,0.770623742454728,383
"30TXL63",517,1104,1.13539651837524,587
"30TXL62",330,1059,2.20909090909091,729
"30TXL65",133,1079,7.11278195488722,946
"30TXL64",579,1140,0.968911917098446,561
"30TXL67",273,833,2.05128205128205,560
"30TXL66",287,958,2.33797909407666,671
"30TXL69",273,651,1.38461538461538,378
"30TXL68",296,632,1.13513513513514,336
"30TXL96",166,595,2.58433734939759,429
"30TXL95",226,620,1.74336283185841,394
"30TXL98",203,585,1.88177339901478,382
"30TXL97",234,543,1.32051282051282,309
"30TXL99",329,626,0.90273556231003,297
"30TXL90",382,946,1.47643979057592,564
"30TXL92",259,800,2.08880308880309,541
"30TXL91",337,918,1.72403560830861,581
"30TXL94",305,632,1.07213114754098,327
"30TXL93",267,728,1.72659176029963,461
"30TUL91",645,1249,0.936434108527132,604
"30TUL90",420,1288,2.06666666666667,868
"30TUL89",32,566,16.6875,534
"30TXL85",234,573,1.44871794871795,339
"30TXL84",185,752,3.06486486486486,567
"30TXL87",250,542,1.168,292
"30TXL86",275,555,1.01818181818182,280
"30TXL89",276,670,1.42753623188406,394
"30TUL82",406,921,1.26847290640394,515
"30TXL88",161,585,2.63354037267081,424
"30TUL81",430,1056,1.45581395348837,626
"30TUL84",62,648,9.45161290322581,586
"30TUL83",135,727,4.38518518518519,592
"30TUL86",36,725,19.1388888888889,689
"30TUL85",58,547,8.43103448275862,489
"30TUL88",95,677,6.12631578947368,582
"30TUL87",42,680,15.1904761904762,638
"30TUL80",409,1088,1.6601466992665,679
"30TXL38",308,1138,2.69480519480519,830
"30TXL37",280,999,2.56785714285714,719
"30TXL39",403,1072,1.66004962779156,669
"30TUL79",41,760,17.5365853658537,719
"30TUL78",311,795,1.55627009646302,484
"30TXL30",198,1099,4.55050505050505,901
"30TXL32",268,1219,3.54850746268657,951
"30TXL31",532,1076,1.02255639097744,544
"30TXL34",202,1171,4.7970297029703,969
"30TUL71",395,955,1.41772151898734,560
"30TXL33",502,1182,1.35458167330677,680
"30TUL70",448,944,1.10714285714286,496
"30TXL36",174,908,4.2183908045977,734
"30TUL73",290,669,1.30689655172414,379
"30TXL35",196,972,3.95918367346939,776
"30TUL72",346,817,1.36127167630058,471
"30TUL75",331,677,1.04531722054381,346
"30TUL74",110,670,5.09090909090909,560
"30TUL77",153,814,4.3202614379085,661
"30TUL76",119,852,6.15966386554622,733
"30TXL27",489,1297,1.65235173824131,808
"30TXL26",196,1200,5.12244897959184,1004
"30TXL29",700,1203,0.718571428571429,503
"30TXL28",568,1375,1.42077464788732,807
"30TXL21",539,1179,1.1873840445269,640
"30TXL20",516,1229,1.38178294573643,713
"30TXL23",738,1213,0.643631436314363,475
"30TXL22",518,1275,1.46138996138996,757
"30TXL25",255,992,2.89019607843137,737
"30TXL24",568,1184,1.08450704225352,616
"30TXL61",316,833,1.63607594936709,517
"30TXL60",210,781,2.71904761904762,571
"30TXL59",142,641,3.51408450704225,499
"30TXL52",311,966,2.10610932475884,655
"30TXL51",184,724,2.93478260869565,540
"30TXL54",733,1134,0.547066848567531,401
"30TXL53",536,1092,1.03731343283582,556
"30TXL56",556,992,0.784172661870504,436
"30TUL93",55,1055,18.1818181818182,1000
"30TXL55",642,1107,0.724299065420561,465
"30TUL92",473,1137,1.40380549682875,664
"30TXL58",109,731,5.70642201834862,622
"30TUL95",31,650,19.9677419354839,619
"30TXL57",130,887,5.82307692307692,757
"30TUL94",58,710,11.2413793103448,652
"30TUL97",369,672,0.821138211382114,303
"30TUL96",72,667,8.26388888888889,595
"30TUL99",76,553,6.27631578947368,477
"30TUL98",74,651,7.7972972972973,577
"30TXL50",210,641,2.05238095238095,431
"30TXL49",182,755,3.14835164835165,573
"30TXL48",130,853,5.56153846153846,723
"30TUL46",75,776,9.34666666666667,701
"30TUL45",72,463,5.43055555555556,391
"30TUL48",14,873,61.3571428571429,859
"30TUL47",99,812,7.2020202020202,713
"30TXL41",291,844,1.90034364261168,553
"30TXL40",298,868,1.91275167785235,570
"30TUL49",125,703,4.624,578
"30TXL43",387,1138,1.9405684754522,751
"30TXL42",249,1114,3.47389558232932,865
"30TXL45",194,1123,4.78865979381443,929
"30TXL44",353,1200,2.39943342776204,847
"30TXL47",312,906,1.90384615384615,594
"30TUL40",307,843,1.74592833876222,536
"30TXL46",411,1033,1.51338199513382,622
"30TUL42",35,562,15.0571428571429,527
"30TUL41",232,790,2.4051724137931,558
"30TUL44",47,365,6.76595744680851,318
"30TUL43",32,347,9.84375,315
"30TUL35",90,279,2.1,189
"30TUL34",35,245,6,210
"30TUL37",11,263,22.9090909090909,252
"30TUL36",140,285,1.03571428571429,145
"30TUL39",129,457,2.54263565891473,328
"30TUL38",55,398,6.23636363636364,343
"30TUL31",181,561,2.09944751381215,380
"30TUL30",270,721,1.67037037037037,451
"30TUL33",27,210,6.77777777777778,183
"30TUL32",72,420,4.83333333333333,348
"30TUL68",357,1011,1.83193277310924,654
"30TUL67",449,995,1.21603563474388,546
"30TUL69",403,899,1.23076923076923,496
"30TUL60",397,929,1.34005037783375,532
"30TUL62",311,783,1.51768488745981,472
"30TUL61",290,976,2.36551724137931,686
"30TUL64",60,714,10.9,654
"30TUL63",194,674,2.47422680412371,480
"30TUL66",316,1042,2.29746835443038,726
"30TUL65",49,757,14.4489795918367,708
"30TUL57",653,952,0.457886676875957,299
"30TUL56",217,906,3.17511520737327,689
"30TUL59",309,860,1.7831715210356,551
"30TUL58",231,998,3.32034632034632,767
"30TUL51",294,878,1.98639455782313,584
"30TUL50",361,905,1.50692520775623,544
"30TUL53",29,551,18,522
"30TUL52",100,695,5.95,595
"30TUL55",118,554,3.69491525423729,436
"30TUL54",146,436,1.98630136986301,290
"30TUK94",42,362,7.61904761904762,320
"30TUK93",22,230,9.45454545454546,208
"30TUK96",275,672,1.44363636363636,397
"30TUK95",168,549,2.26785714285714,381
"30TUK98",428,1085,1.53504672897196,657
"30TUK97",136,932,5.85294117647059,796
"30TUK99",425,1203,1.83058823529412,778
"30TWK05",135,750,4.55555555555556,615
"30TWK04",511,776,0.518590998043053,265
"30TWK07",161,601,2.73291925465838,440
"30TWK06",182,599,2.29120879120879,417
"30TWK09",197,584,1.96446700507614,387
"30TWK08",194,578,1.97938144329897,384
"30TWK03",192,772,3.02083333333333,580
"30TWK27",242,822,2.39669421487603,580
"30TWK26",112,610,4.44642857142857,498
"30TWK29",346,869,1.51156069364162,523
"30TWK28",538,863,0.604089219330855,325
"30TXN36",582,1395,1.39690721649485,813
"30TXN35",856,1422,0.661214953271028,566
"30TXN38",529,966,0.826086956521739,437
"30TXN37",417,1188,1.84892086330935,771
"30TXN39",439,771,0.75626423690205,332
"30TWK23",223,647,1.90134529147982,424
"30TWK25",227,591,1.60352422907489,364
"30TXN30",528,1313,1.48674242424242,785
"30TWK24",240,613,1.55416666666667,373
"30TXN32",1085,1578,0.454377880184332,493
"30TXN31",650,1623,1.49692307692308,973
"30TXN34",760,1474,0.939473684210526,714
"30TXN33",635,1618,1.54803149606299,983
"30TWK16",296,581,0.962837837837838,285
"30TWK15",272,752,1.76470588235294,480
"30TWK18",243,784,2.22633744855967,541
"30TWK17",260,763,1.93461538461538,503
"30TXN25",561,1641,1.92513368983957,1080
"30TWK19",175,782,3.46857142857143,607
"30TXN24",349,1615,3.62750716332378,1266
"30TXN27",508,1302,1.56299212598425,794
"30TXN26",516,1458,1.82558139534884,942
"30TXN29",473,875,0.849894291754757,402
"30TXN28",426,1163,1.73004694835681,737
"30TWK14",204,760,2.72549019607843,556
"30TWK13",251,767,2.05577689243028,516
"30TXN21",560,1558,1.78214285714286,998
"30TXN20",545,1319,1.42018348623853,774
"30TXN23",624,1676,1.68589743589744,1052
"30TXN22",900,1551,0.723333333333333,651
"30TXN50",378,1094,1.89417989417989,716
"30TXN52",942,1524,0.617834394904459,582
"30TXN51",390,1492,2.82564102564103,1102
"30TXN54",505,1466,1.9029702970297,961
"30TXN53",616,1592,1.58441558441558,976
"30TXN56",523,1310,1.50478011472275,787
"30TXN55",533,1398,1.62288930581614,865
"30TXN47",578,1124,0.944636678200692,546
"30TXN46",625,1362,1.1792,737
"30TUM23",9,431,46.8888888888889,422
"30TUM22",250,450,0.8,200
"30TUM25",1,163,162,162
"30TUM24",5,176,34.2,171
"30TUM27",89,418,3.69662921348315,329
"30TUM26",41,261,5.36585365853659,220
"30TXN41",628,1592,1.53503184713376,964
"30TUM29",215,622,1.89302325581395,407
"30TXN40",441,1163,1.63718820861678,722
"30TUM28",77,536,5.96103896103896,459
"30TXN43",648,1607,1.47993827160494,959
"30TXN42",1170,1593,0.361538461538462,423
"30TXN45",721,1449,1.00970873786408,728
"30TXN44",638,1482,1.32288401253918,844
"30TUM21",45,488,9.84444444444444,443
"30TUM20",72,547,6.59722222222222,475
"30TUM19",119,766,5.43697478991597,647
"30TUM12",80,423,4.2875,343
"30TUM11",57,510,7.94736842105263,453
"30TUM14",2,114,56,112
"30TUM13",3,376,124.333333333333,373
"30TUM16",23,459,18.9565217391304,436
"30TUM15",40,229,4.725,189
"30TUM18",262,710,1.70992366412214,448
"30TUM17",156,628,3.02564102564103,472
"30TUM10",86,608,6.06976744186047,522
"30TUM45",44,440,9,396
"30TUM44",119,601,4.05042016806723,482
"30TUM47",17,217,11.7647058823529,200
"30TUM46",33,367,10.1212121212121,334
"30TUM49",41,497,11.1219512195122,456
"30TUM48",57,265,3.64912280701754,208
"30TUM41",127,822,5.47244094488189,695
"30TUM40",189,804,3.25396825396825,615
"30TUM43",261,665,1.54789272030651,404
"30TUM42",184,774,3.20652173913043,590
"30TVP50",208,833,3.00480769230769,625
"30TVP51",183,683,2.73224043715847,500
"30TXN14",1077,1572,0.459610027855153,495
"30TXN13",662,1639,1.47583081570997,977
"30TXN16",718,1403,0.954038997214485,685
"30TXN15",700,1607,1.29571428571429,907
"30TXN18",333,1255,2.76876876876877,922
"30TUM34",54,411,6.61111111111111,357
"30TXN17",842,1282,0.522565320665083,440
"30TUM33",54,528,8.77777777777778,474
"30TUM36",8,207,24.875,199
"30TXN19",455,960,1.10989010989011,505
"30TUM35",49,259,4.28571428571429,210
"30TUM38",89,418,3.69662921348315,329
"30TUM37",34,260,6.64705882352941,226
"30TUM39",114,503,3.41228070175439,389
"30TXN10",270,1328,3.91851851851852,1058
"30TXN12",890,1480,0.662921348314607,590
"30TXN11",610,1481,1.42786885245902,871
"30TUM30",18,499,26.7222222222222,481
"30TUM32",203,532,1.62068965517241,329
"30TUM31",140,543,2.87857142857143,403
"30TVP41",132,882,5.68181818181818,750
"30TVP40",400,949,1.3725,549
"30TXN03",837,1723,1.05854241338112,886
"30TXN02",413,1595,2.86198547215496,1182
"30TXN05",693,1686,1.43290043290043,993
"30TXN04",989,1694,0.712841253791709,705
"30TXN07",775,1265,0.632258064516129,490
"30TXN06",634,1458,1.29968454258675,824
"30TXN09",608,1105,0.817434210526316,497
"30TXN08",595,1270,1.13445378151261,675
"30TXN01",449,1512,2.36748329621381,1063
"30TXN00",567,1415,1.49559082892416,848
"30TVP70",240,846,2.525,606
"30TXM95",77,398,4.16883116883117,321
"30TXM94",93,455,3.89247311827957,362
"30TXM97",162,850,4.24691358024691,688
"30TXM96",127,525,3.13385826771654,398
"30TXM99",306,1284,3.19607843137255,978
"30TXM98",258,1043,3.04263565891473,785
"30TXM91",126,776,5.15873015873016,650
"30TVP61",115,573,3.98260869565217,458
"30TXM90",189,723,2.82539682539683,534
"30TVP60",404,789,0.952970297029703,385
"30TXM93",44,647,13.7045454545455,603
"30TXM92",214,747,2.49065420560748,533
"30TUM09",280,891,2.18214285714286,611
"30TUM08",368,800,1.17391304347826,432
"30TUM01",60,416,5.93333333333333,356
"30TUM00",131,638,3.87022900763359,507
"30TUM03",22,408,17.5454545454545,386
"30TUM02",75,456,5.08,381
"30TXM84",108,473,3.37962962962963,365
"30TVP10",349,769,1.20343839541547,420
"30TUM05",18,446,23.7777777777778,428
"30TXM83",225,639,1.84,414
"30TUM04",35,325,8.28571428571429,290
"30TXM86",119,478,3.01680672268908,359
"30TUM07",333,782,1.34834834834835,449
"30TXM85",67,464,5.92537313432836,397
"30TVP11",42,695,15.547619047619,653
"30TUM06",139,619,3.45323741007194,480
"30TXM88",326,993,2.04601226993865,667
"30TXM87",175,697,2.98285714285714,522
"30TXM89",618,1226,0.983818770226537,608
"30TVP00",199,707,2.55276381909548,508
"30TVP31",658,925,0.405775075987842,267
"30TXM60",275,965,2.50909090909091,690
"30TVP30",387,987,1.55038759689922,600
"30TXM59",278,868,2.12230215827338,590
"30TXM58",30,683,21.7666666666667,653
"30TUM99",227,520,1.29074889867841,293
"30TXM51",79,647,7.18987341772152,568
"30TVP21",154,872,4.66233766233766,718
"30TXM50",196,663,2.38265306122449,467
"30TVP20",525,924,0.76,399
"30TXM53",111,467,3.20720720720721,356
"30TXM52",174,521,1.99425287356322,347
"30TXM55",80,452,4.65,372
"30TUM92",179,805,3.49720670391061,626
"30TXM54",98,436,3.44897959183673,338
"30TUM91",24,826,33.4166666666667,802
"30TXM57",29,486,15.7586206896552,457
"30TUM94",261,786,2.01149425287356,525
"30TXM56",119,432,2.63025210084034,313
"30TUM93",168,879,4.23214285714286,711
"30TUM96",432,828,0.916666666666667,396
"30TUM95",430,854,0.986046511627907,424
"30TUM98",88,546,5.20454545454545,458
"30TUM97",124,758,5.11290322580645,634
"30TXM48",165,681,3.12727272727273,516
"30TXM47",32,559,16.46875,527
"30TXM49",147,961,5.53741496598639,814
"30TXM40",291,682,1.34364261168385,391
"30TXM42",22,492,21.3636363636364,470
"30TXM41",242,573,1.36776859504132,331
"30TXM44",195,665,2.41025641025641,470
"30TXM43",76,536,6.05263157894737,460
"30TXM46",110,592,4.38181818181818,482
"30TXM45",129,679,4.26356589147287,550
"30TXM80",346,966,1.79190751445087,620
"30TXM82",360,961,1.66944444444444,601
"30TXM81",415,989,1.38313253012048,574
"30TXM73",64,619,8.671875,555
"30TXM72",100,939,8.39,839
"30TXM75",61,433,6.0983606557377,372
"30TXM74",136,484,2.55882352941176,348
"30TXM77",94,611,5.5,517
"30TXM76",50,421,7.42,371
"30TXM79",442,1104,1.49773755656109,662
"30TXM78",184,941,4.11413043478261,757
"30TXM71",782,987,0.262148337595908,205
"30TXM70",336,990,1.94642857142857,654
"30TXM69",405,864,1.13333333333333,459
"30TUM67",21,727,33.6190476190476,706
"30TUM66",113,739,5.53982300884956,626
"30TUM69",76,743,8.77631578947368,667
"30TUM68",349,713,1.04297994269341,364
"30TXM62",155,884,4.70322580645161,729
"30TXM61",242,947,2.91322314049587,705
"30TXM64",101,413,3.08910891089109,312
"30TXM63",26,496,18.0769230769231,470
"30TXM66",56,380,5.78571428571429,324
"30TXM65",85,421,3.95294117647059,336
"30TXM68",185,756,3.08648648648649,571
"30TUM61",550,958,0.741818181818182,408
"30TXM67",109,473,3.3394495412844,364
"30TUM60",245,1005,3.10204081632653,760
"30TUM63",293,724,1.47098976109215,431
"30TUM62",279,889,2.18637992831541,610
"30TUM65",22,768,33.9090909090909,746
"30TUM64",104,793,6.625,689
"30TUM56",40,401,9.025,361
"30TUM55",281,502,0.786476868327402,221
"30TUM58",31,469,14.1290322580645,438
"30TUM57",8,499,61.375,491
"30TUM59",28,578,19.6428571428571,550
"30TUM50",275,999,2.63272727272727,724
"30TUM52",482,891,0.848547717842324,409
"30TUM51",445,949,1.13258426966292,504
"30TUM54",82,646,6.8780487804878,564
"30TUM53",224,713,2.18303571428571,489
"30TUM90",114,471,3.13157894736842,357
"30TUM89",146,708,3.84931506849315,562
"30TUM88",124,703,4.66935483870968,579
"30TUM81",17,474,26.8823529411765,457
"30TUM80",148,384,1.59459459459459,236
"30TUM83",186,630,2.38709677419355,444
"30TUM82",196,480,1.44897959183673,284
"30TVP90",344,1084,2.15116279069767,740
"30TUM85",274,954,2.48175182481752,680
"30TUM84",328,838,1.55487804878049,510
"30TUM87",21,845,39.2380952380952,824
"30TUM86",289,943,2.26297577854671,654
"30TUM78",291,757,1.60137457044674,466
"30TUM77",205,853,3.1609756097561,648
"30TUM79",123,775,5.30081300813008,652
"30TUM70",114,833,6.30701754385965,719
"30TUM72",249,746,1.99598393574297,497
"30TUM71",79,776,8.82278481012658,697
"30TUM74",228,776,2.40350877192982,548
"30TUM73",145,654,3.51034482758621,509
"30TUM76",213,813,2.8169014084507,600
"30TVP80",103,1017,8.87378640776699,914
"30TUM75",415,846,1.03855421686747,431
"30TWP21",58,633,9.91379310344828,575
"30TWP20",523,742,0.418738049713193,219
"30TWP11",75,776,9.34666666666667,701
"30TWP10",308,944,2.06493506493507,636
"30TWP40",155,622,3.01290322580645,467
"30TWP30",152,727,3.78289473684211,575
"30TWP00",528,1063,1.01325757575758,535
"30TWP90",593,1040,0.753794266441821,447
"30TYN04",739,1485,1.00947225981055,746
"30TYN03",790,1667,1.11012658227848,877
"30TYN00",518,1479,1.85521235521236,961
"30TYN02",801,1850,1.30961298377029,1049
"30TYN01",1129,1728,0.530558015943313,599
"30TYN20",468,1145,1.4465811965812,677
"30TYN22",753,1628,1.16201859229748,875
"30TYN21",455,1487,2.26813186813187,1032
"30TYN24",565,1375,1.43362831858407,810
"30TYN23",895,1612,0.801117318435754,717
"30TVM13",152,911,4.99342105263158,759
"30TYN14",848,1364,0.608490566037736,516
"30TVM12",642,940,0.46417445482866,298
"30TVM15",148,572,2.86486486486486,424
"30TVM14",99,598,5.04040404040404,499
"30TVM17",61,531,7.70491803278689,470
"30TVM16",140,496,2.54285714285714,356
"30TVM19",78,429,4.5,351
"30TVM18",7,385,54,378
"30TYN11",410,1629,2.97317073170732,1219
"30TYN10",331,1365,3.1238670694864,1034
"30TYN13",861,1568,0.821138211382114,707
"30TVM11",219,982,3.48401826484018,763
"30TYN12",756,1792,1.37037037037037,1036
"30TVM10",230,833,2.62173913043478,603
"30TVM09",26,461,16.7307692307692,435
"30TVM02",649,865,0.332819722650231,216
"30TVM01",15,916,60.0666666666667,901
"30TVM04",211,739,2.50236966824645,528
"30TVM03",329,900,1.7355623100304,571
"30TVM06",283,781,1.75971731448763,498
"30TVM05",100,801,7.01,701
"30TVM08",187,482,1.57754010695187,295
"30TVM07",83,679,7.18072289156626,596
"30TVM00",253,706,1.79051383399209,453
"30TVM80",249,946,2.79919678714859,697
"30TVM79",242,1069,3.41735537190083,827
"30TVM78",659,1199,0.819423368740516,540
"30TVM71",283,958,2.38515901060071,675
"30TVM70",112,703,5.27678571428571,591
"30TVM73",466,1204,1.58369098712446,738
"30TVM72",270,1040,2.85185185185185,770
"30TVM75",491,1341,1.73116089613035,850
"30TVM74",697,1287,0.84648493543759,590
"30TVM77",637,1224,0.921507064364207,587
"30TVM76",323,1314,3.06811145510836,991
"30TVM68",284,1115,2.92605633802817,831
"30TVM67",386,1145,1.96632124352332,759
"30TVM69",107,969,8.05607476635514,862
"30TVM60",251,745,1.96812749003984,494
"30TVM62",119,802,5.73949579831933,683
"30TVM61",212,680,2.20754716981132,468
"30TVM64",806,1244,0.543424317617866,438
"30TVM63",410,1084,1.64390243902439,674
"30TVM66",271,1292,3.76752767527675,1021
"30TVM65",747,1303,0.744310575635877,556
"30TVM93",484,1461,2.01859504132231,977
"30TVM92",961,1391,0.4474505723205,430
"30TVM95",871,1388,0.593570608495982,517
"30TVM94",597,1379,1.30988274706868,782
"30TVM97",655,1399,1.13587786259542,744
"30TVM96",769,1427,0.855656697009103,658
"30TVM99",243,1235,4.08230452674897,992
"30TVM98",719,1324,0.84144645340751,605
"30TVM91",626,1344,1.14696485623003,718
"30TVM90",330,1166,2.53333333333333,836
"30TYM27",522,1362,1.60919540229885,840
"30TYM26",149,1004,5.73825503355705,855
"30TVM89",411,1186,1.88564476885645,775
"30TYM29",159,1296,7.15094339622642,1137
"30TYM28",912,1296,0.421052631578947,384
"30TVM82",633,1299,1.0521327014218,666
"30TVM81",338,1228,2.63313609467456,890
"30TYM21",153,585,2.82352941176471,432
"30TVM84",370,1423,2.84594594594595,1053
"30TYM20",154,562,2.64935064935065,408
"30TVM83",475,1416,1.98105263157895,941
"30TYM23",23,535,22.2608695652174,512
"30TVM86",624,1400,1.24358974358974,776
"30TYM22",49,612,11.4897959183673,563
"30TVM85",363,1426,2.92837465564738,1063
"30TYM25",191,661,2.46073298429319,470
"30TVM88",632,1299,1.05537974683544,667
"30TYM24",41,558,12.609756097561,517
"30TVM87",496,1362,1.74596774193548,866
"30TYM16",430,939,1.18372093023256,509
"30TVM35",45,394,7.75555555555556,349
"30TYM15",194,600,2.09278350515464,406
"30TVM34",49,369,6.53061224489796,320
"30TYM18",625,1259,1.0144,634
"30TVM37",22,1017,45.2272727272727,995
"30TYM17",326,1319,3.04601226993865,993
"30TVM36",44,420,8.54545454545454,376
"30TVM39",20,1138,55.9,1118
"30TYM19",206,1279,5.20873786407767,1073
"30TVM38",93,1007,9.82795698924731,914
"30TYM10",221,607,1.74660633484163,386
"30TYM12",188,459,1.44148936170213,271
"30TVM31",154,793,4.14935064935065,639
"30TYM11",198,537,1.71212121212121,339
"30TVM30",124,1019,7.21774193548387,895
"30TYM14",53,444,7.37735849056604,391
"30TVM33",48,397,7.27083333333333,349
"30TYM13",44,406,8.22727272727273,362
"30TVM32",74,620,7.37837837837838,546
"30TYM50",27,230,7.51851851851852,203
"30TYM49",251,999,2.9800796812749,748
"30TVM24",107,419,2.91588785046729,312
"30TYM48",405,947,1.33827160493827,542
"30TVM23",91,779,7.56043956043956,688
"30TVM26",31,347,10.1935483870968,316
"30TVM25",71,390,4.49295774647887,319
"30TVM28",132,325,1.46212121212121,193
"30TVM27",39,386,8.8974358974359,347
"30TVM29",22,453,19.5909090909091,431
"30TYM41",152,477,2.13815789473684,325
"30TYM40",8,400,49,392
"30TYM43",103,511,3.96116504854369,408
"30TYM42",170,528,2.10588235294118,358
"30TYM45",122,500,3.09836065573771,378
"30TVM20",216,948,3.38888888888889,732
"30TYM44",113,535,3.73451327433628,422
"30TYM47",287,957,2.33449477351916,670
"30TVM22",180,865,3.80555555555556,685
"30TYM46",236,746,2.16101694915254,510
"30TVM21",245,900,2.6734693877551,655
"30TYM38",511,1223,1.39334637964775,712
"30TVM57",61,1194,18.5737704918033,1133
"30TYM37",335,1248,2.72537313432836,913
"30TVM56",404,1107,1.74009900990099,703
"30TVM59",307,1224,2.98697068403909,917
"30TYM39",253,1250,3.94071146245059,997
"30TVM58",157,1186,6.55414012738853,1029
"30TYM30",115,516,3.48695652173913,401
"30TYM32",286,586,1.04895104895105,300
"30TVM51",113,807,6.14159292035398,694
"30TYM31",178,553,2.10674157303371,375
"30TVM50",359,921,1.56545961002786,562
"30TYM34",131,576,3.3969465648855,445
"30TVM53",121,983,7.12396694214876,862
"30TYM33",335,527,0.573134328358209,192
"30TVM52",79,746,8.44303797468354,667
"30TYM36",143,939,5.56643356643357,796
"30TVM55",619,1196,0.932148626817447,577
"30TYM35",177,576,2.25423728813559,399
"30TVM54",521,1156,1.21880998080614,635
"30TVM46",116,833,6.18103448275862,717
"30TVM45",158,913,4.77848101265823,755
"30TVM48",892,1075,0.205156950672646,183
"30TVM47",157,1093,5.96178343949045,936
"30TVM49",167,1166,5.98203592814371,999
"30TVM40",413,1033,1.50121065375303,620
"30TVM42",114,558,3.89473684210526,444
"30TVM41",247,792,2.20647773279352,545
"30TVM44",73,865,10.8493150684932,792
"30TVM43",46,670,13.5652173913043,624
"30TVL94",349,1090,2.12320916905444,741
"30TVL93",453,963,1.12582781456954,510
"30TVL96",520,1237,1.37884615384615,717
"30TVL95",517,1108,1.1431334622824,591
"30TVL98",414,1193,1.88164251207729,779
"30TVL97",565,1192,1.10973451327434,627
"30TVL99",407,1009,1.47911547911548,602
"30TVL90",170,712,3.18823529411765,542
"30TVL92",288,900,2.125,612
"30TVL91",253,744,1.94071146245059,491
"30TVL83",401,1050,1.61845386533666,649
"30TVL82",325,985,2.03076923076923,660
"30TVL85",488,1129,1.31352459016393,641
"30TVL84",311,1174,2.77491961414791,863
"30TVL87",556,1225,1.20323741007194,669
"30TVL86",493,1237,1.50912778904665,744
"30TVL89",219,804,2.67123287671233,585
"30TVL88",301,1065,2.53820598006645,764
"30TXL16",104,1174,10.2884615384615,1070
"30TXL15",252,1014,3.02380952380952,762
"30TXL18",634,1389,1.19085173501577,755
"30TXL17",875,1266,0.446857142857143,391
"30TXL19",393,1325,2.37150127226463,932
"30TXL10",353,1190,2.37110481586402,837
"30TXL12",361,1199,2.3213296398892,838
"30TXL11",479,1107,1.31106471816284,628
"30TXL14",355,1152,2.24507042253521,797
"30TXL13",396,1217,2.07323232323232,821
"30TVN19",183,814,3.44808743169399,631
"30TXL05",269,884,2.28624535315985,615
"30TXL04",220,874,2.97272727272727,654
"30TUK03",179,903,4.04469273743017,724
"30TXL07",228,1166,4.1140350877193,938
"30TXL06",366,1120,2.06010928961749,754
"30TUK05",642,1269,0.976635514018692,627
"30TXL09",462,1213,1.62554112554113,751
"30TUK04",581,1178,1.02753872633391,597
"30TXL08",236,1304,4.52542372881356,1068
"30TVN12",703,1294,0.840682788051209,591
"30TUK07",379,1081,1.85224274406332,702
"30TVN11",350,1173,2.35142857142857,823
"30TUK06",581,1155,0.987951807228916,574
"30TVN14",156,1325,7.49358974358974,1169
"30TUK09",28,788,27.1428571428571,760
"30TVN13",438,1379,2.14840182648402,941
"30TUK08",204,920,3.50980392156863,716
"30TVN16",249,1195,3.79919678714859,946
"30TVN15",339,1314,2.87610619469027,975
"30TVN18",77,603,6.83116883116883,526
"30TXL01",250,976,2.904,726
"30TVN17",170,1014,4.96470588235294,844
"30TXL00",313,1115,2.56230031948882,802
"30TXL03",119,964,7.10084033613445,845
"30TXL02",294,984,2.3469387755102,690
"30TTP73",296,633,1.13851351351351,337
"30TVN10",38,741,18.5,703
"30TTP70",178,852,3.78651685393258,674
"30TTP72",182,741,3.07142857142857,559
"30TVN09",178,761,3.2752808988764,583
"30TTP71",234,836,2.57264957264957,602
"30TVN08",103,637,5.18446601941748,534
"30TVN01",264,1162,3.40151515151515,898
"30TVN00",3,740,245.666666666667,737
"30TVN03",471,1413,2,942
"30TVN02",642,1320,1.05607476635514,678
"30TVN05",335,1320,2.94029850746269,985
"30TVN04",443,1381,2.11738148984199,938
"30TVN07",113,1017,8,904
"30TVN06",616,1241,1.01461038961039,625
"30TTP63",140,540,2.85714285714286,400
"30TTP62",314,666,1.12101910828025,352
"30TTP61",133,783,4.88721804511278,650
"30TTP60",422,855,1.0260663507109,433
"30TVN34",621,1452,1.33816425120773,831
"30TVN33",700,1369,0.955714285714286,669
"30TVN36",573,1395,1.43455497382199,822
"30TVN35",863,1423,0.648899188876014,560
"30TVN38",103,944,8.16504854368932,841
"30TVN37",197,1214,5.16243654822335,1017
"30TVN39",135,1066,6.8962962962963,931
"30TVN30",126,1021,7.1031746031746,895
"30TVN32",453,1344,1.96688741721854,891
"30TVN31",567,1233,1.17460317460317,666
"30TTP90",94,581,5.18085106382979,487
"30TTP92",36,548,14.2222222222222,512
"30TTP91",107,624,4.83177570093458,517
"30TVN23",567,1381,1.43562610229277,814
"30TVN22",727,1346,0.851444291609354,619
"30TVN25",547,1390,1.54113345521024,843
"30TVN24",422,1435,2.40047393364929,1013
"30TVN27",82,966,10.780487804878,884
"30TVN26",424,1282,2.02358490566038,858
"30TVN29",191,832,3.35602094240838,641
"30TVN28",206,635,2.08252427184466,429
"30TVN21",478,1207,1.52510460251046,729
"30TVN20",203,892,3.39408866995074,689
"30TTP81",167,656,2.92814371257485,489
"30TTP80",75,613,7.17333333333333,538
"30TTP82",285,651,1.28421052631579,366
"30TXK53",856,1410,0.647196261682243,554
"30TXK55",388,1376,2.54639175257732,988
"30TXK54",684,1411,1.06286549707602,727
"30TXK57",283,1025,2.62190812720848,742
"30TXK56",383,1243,2.24543080939948,860
"30TXK59",235,623,1.65106382978723,388
"30TXK58",176,736,3.18181818181818,560
"30TUK69",271,946,2.49077490774908,675
"30TXK49",172,719,3.18023255813953,547
"30TUK68",406,940,1.31527093596059,534
"30TXK44",852,1381,0.620892018779343,529
"30TUK63",120,671,4.59166666666667,551
"30TXK43",895,1311,0.464804469273743,416
"30TXK46",412,1365,2.31310679611651,953
"30TUK65",361,994,1.75346260387812,633
"30TXK45",867,1321,0.523644752018454,454
"30TUK64",87,816,8.37931034482759,729
"30TXK48",287,1098,2.82578397212544,811
"30TUK67",655,1091,0.665648854961832,436
"30TXK47",413,1181,1.85956416464891,768
"30TUK66",483,1069,1.21325051759834,586
"30TXK84",497,1231,1.47686116700201,734
"30TXK83",648,1316,1.03086419753086,668
"30TUK58",365,1015,1.78082191780822,650
"30TUK57",246,1130,3.59349593495935,884
"30TUK59",78,979,11.5512820512821,901
"30TXK75",415,1261,2.03855421686747,846
"30TXK74",593,1315,1.21753794266442,722
"30TXK77",693,1217,0.756132756132756,524
"30TXK76",426,1230,1.88732394366197,804
"30TXK79",257,839,2.26459143968872,582
"30TUK54",460,923,1.00652173913043,463
"30TXK78",420,1071,1.55,651
"30TUK53",420,746,0.776190476190476,326
"30TUK56",543,1089,1.00552486187845,546
"30TUK55",339,1053,2.10619469026549,714
"30TXK73",591,1401,1.37055837563452,810
"30TVN99",760,1181,0.553947368421053,421
"30TXK64",740,1312,0.772972972972973,572
"30TUK83",40,211,4.275,171
"30TXK63",976,1373,0.406762295081967,397
"30TXK66",674,1115,0.654302670623145,441
"30TUK85",152,779,4.125,627
"30TXK65",485,1273,1.62474226804124,788
"30TUK84",71,432,5.08450704225352,361
"30TXK68",339,963,1.84070796460177,624
"30TVN92",1060,1682,0.586792452830189,622
"30TUK87",286,993,2.47202797202797,707
"30TXK67",330,1091,2.30606060606061,761
"30TVN91",649,1531,1.35901386748844,882
"30TUK86",234,890,2.8034188034188,656
"30TVN94",466,1528,2.27896995708155,1062
"30TUK89",426,989,1.32159624413146,563
"30TXK69",221,774,2.50226244343891,553
"30TVN93",970,1705,0.757731958762887,735
"30TUK88",394,925,1.34771573604061,531
"30TVN96",663,1278,0.927601809954751,615
"30TVN95",577,1338,1.31889081455806,761
"30TVN98",476,1239,1.60294117647059,763
"30TVN97",323,1284,2.97523219814242,961
"30TVN90",186,1193,5.41397849462366,1007
"30TXK17",800,1602,1.0025,802
"30TXK16",699,1555,1.22460658082976,856
"30TUK79",385,914,1.37402597402597,529
"30TXK19",543,1348,1.48250460405157,805
"30TXK18",1026,1583,0.542884990253411,557
"30TVN89",380,1158,2.04736842105263,778
"30TVN88",478,1323,1.76778242677824,845
"30TUK74",35,580,15.5714285714286,545
"30TUK73",28,269,8.60714285714286,241
"30TXK13",442,1099,1.48642533936652,657
"30TVN81",499,1461,1.92785571142285,962
"30TUK76",486,1024,1.10699588477366,538
"30TVN80",109,1077,8.88073394495413,968
"30TUK75",201,873,3.34328358208955,672
"30TXK15",524,1306,1.49236641221374,782
"30TVN83",942,1673,0.776008492569002,731
"30TUK78",373,945,1.53351206434316,572
"30TXK14",501,1161,1.31736526946108,660
"30TVN82",1016,1644,0.618110236220472,628
"30TUK77",447,1031,1.30648769574944,584
"30TVN85",455,1310,1.87912087912088,855
"30TVN84",756,1526,1.01851851851852,770
"30TVN87",607,1343,1.21252059308072,736
"30TVN86",592,1341,1.2652027027027,749
"30TXK06",693,1368,0.974025974025974,675
"30TUK25",672,1252,0.863095238095238,580
"30TXK05",635,1264,0.990551181102362,629
"30TUK24",625,1129,0.8064,504
"30TXK08",606,1463,1.41419141914191,857
"30TUK27",516,1233,1.38953488372093,717
"30TXK07",774,1487,0.921188630490956,713
"30TUK26",641,1297,1.02340093603744,656
"30TUK29",190,959,4.04736842105263,769
"30TXK09",610,1365,1.23770491803279,755
"30TUK28",511,1139,1.22896281800391,628
"30TXK04",536,1135,1.11753731343284,599
"30TUK23",123,910,6.39837398373984,787
"30TXK03",403,1107,1.7468982630273,704
"30TXK39",388,1042,1.68556701030928,654
"30TUK14",485,1248,1.57319587628866,763
"30TXK38",284,1443,4.08098591549296,1159
"30TUK13",145,976,5.73103448275862,831
"30TUK16",505,1253,1.48118811881188,748
"30TUK15",591,1350,1.28426395939086,759
"30TUK18",615,1006,0.635772357723577,391
"30TUK17",276,1166,3.22463768115942,890
"30TUK19",126,885,6.02380952380952,759
"30TXK33",898,1289,0.435412026726058,391
"30TXK35",538,1400,1.60223048327138,862
"30TYN40",367,1139,2.10354223433243,772
"30TXK34",897,1382,0.540691192865106,485
"30TXK37",919,1471,0.600652883569097,552
"30TYN42",931,1419,0.524167561761547,488
"30TXK36",512,1564,2.0546875,1052
"30TYN41",651,1352,1.07680491551459,701
"30TYN43",778,1437,0.847043701799486,659
"30TXK28",578,1588,1.74740484429066,1010
"30TUK47",307,1177,2.83387622149837,870
"30TXK27",1100,1597,0.451818181818182,497
"30TUK46",543,1179,1.17127071823204,636
"30TUK49",326,958,1.93865030674847,632
"30TXK29",484,1318,1.72314049586777,834
"30TUK48",309,1053,2.40776699029126,744
"30TVN56",604,1438,1.38079470198676,834
"30TVN55",313,1340,3.28115015974441,1027
"30TVN58",314,1255,2.9968152866242,941
"30TVN57",554,1410,1.54512635379061,856
"30TVN59",184,1098,4.96739130434783,914
"30TXK24",425,1345,2.16470588235294,920
"30TUK43",210,859,3.09047619047619,649
"30TXK23",290,1302,3.48965517241379,1012
"30TXK26",670,1538,1.2955223880597,868
"30TYN31",537,1504,1.80074487895717,967
"30TVN50",148,938,5.33783783783784,790
"30TUK45",525,1099,1.09333333333333,574
"30TXK25",534,1404,1.62921348314607,870
"30TYN30",406,1269,2.1256157635468,863
"30TUK44",222,978,3.40540540540541,756
"30TYN33",822,1557,0.894160583941606,735
"30TVN52",337,1248,2.70326409495549,911
"30TYN32",941,1595,0.695005313496281,654
"30TVN51",38,1109,28.1842105263158,1071
"30TVN54",721,1310,0.816920943134535,589
"30TYN34",724,1297,0.791436464088398,573
"30TVN53",424,1344,2.16981132075472,920
"30TUK36",567,1274,1.24691358024691,707
"30TUK35",528,1181,1.23674242424242,653
"30TUK38",456,1104,1.42105263157895,648
"30TUK37",729,1203,0.650205761316872,474
"30TVN45",445,1462,2.28539325842697,1017
"30TVN44",561,1421,1.53297682709447,860
"30TUK39",205,928,3.52682926829268,723
"30TVN47",650,1251,0.924615384615385,601
"30TVN46",653,1415,1.16692189892802,762
"30TVN49",152,1004,5.60526315789474,852
"30TVN48",424,995,1.34669811320755,571
"30TUK34",423,1050,1.4822695035461,627
"30TUK33",146,879,5.02054794520548,733
"30TVN41",331,1075,2.24773413897281,744
"30TVN40",454,946,1.08370044052863,492
"30TVN43",680,1325,0.948529411764706,645
"30TVN42",345,1237,2.58550724637681,892
"30TVN78",511,1308,1.55968688845401,797
"30TVN77",761,1419,0.864651773981603,658
"30TVN79",422,1052,1.49289099526066,630
"30TVN70",64,937,13.640625,873
"30TVN72",912,1521,0.667763157894737,609
"30TVN71",437,1347,2.08237986270023,910
"30TVN74",420,1467,2.49285714285714,1047
"30TVN73",913,1571,0.720700985761227,658
"30TVN76",532,1403,1.63721804511278,871
"30TVN75",317,1340,3.22712933753943,1023
"30TVN67",769,1425,0.853055916775033,656
"30TVN66",605,1421,1.34876033057851,816
"30TVN69",448,1015,1.265625,567
"30TVN68",436,1295,1.97018348623853,859
"30TVN61",367,1142,2.11171662125341,775
"30TVN60",63,859,12.6349206349206,796
"30TVN63",808,1395,0.726485148514851,587
"30TVN62",713,1293,0.813464235624123,580
"30TVN65",370,1331,2.5972972972973,961
"30TVN64",472,1345,1.84957627118644,873
"30TXK97",893,1357,0.51959686450168,464
"30TXK96",742,1432,0.929919137466307,690
"30TXK99",325,1040,2.2,715
"30TXK98",471,1270,1.6963906581741,799
"30TXK93",686,1416,1.06413994169096,730
"30TXK95",564,1370,1.4290780141844,806
"30TXK94",588,1422,1.41836734693878,834
"30TXK86",517,1318,1.54932301740812,801
"30TXK85",507,1211,1.38856015779093,704
"30TXK88",316,1224,2.87341772151899,908
"30TXK87",546,1302,1.38461538461538,756
"30TXK89",331,916,1.76737160120846,585
"30TWN09",558,1143,1.04838709677419,585
"30TWN02",745,1623,1.17852348993289,878
"30TWN01",443,1494,2.372460496614,1051
"30TWN04",447,1480,2.31096196868009,1033
"30TWN03",533,1596,1.99437148217636,1063
"30TWN06",349,1276,2.65616045845272,927
"30TWN05",538,1349,1.50743494423792,811
"30TWN08",470,1135,1.41489361702128,665
"30TWN07",303,1232,3.06600660066007,929
"30TWN00",222,1267,4.70720720720721,1045
"30TTP52",16,471,28.4375,455
"30TTP51",124,659,4.31451612903226,535
"30TTP50",163,754,3.62576687116564,591
"30TWN68",511,1077,1.10763209393346,566
"30TWN67",464,1075,1.31681034482759,611
"30TWN69",530,965,0.820754716981132,435
"30TWN60",416,1335,2.20913461538462,919
"30TWN62",667,1578,1.36581709145427,911
"30TWN61",460,1544,2.35652173913043,1084
"30TWN64",824,1460,0.771844660194175,636
"30TWN63",793,1584,0.997477931904161,791
"30TWN66",337,1166,2.45994065281899,829
"30TWN65",604,1307,1.16390728476821,703
"30TWN57",325,1049,2.22769230769231,724
"30TWN56",323,1149,2.55727554179567,826
"30TWN59",381,976,1.56167979002625,595
"30TWN58",401,1067,1.66084788029925,666
"30TWN51",651,1729,1.65591397849462,1078
"30TWN50",467,1542,2.30192719486081,1075
"30TWN53",662,1609,1.43051359516616,947
"30TWN52",955,1623,0.699476439790576,668
"30TWN55",640,1325,1.0703125,685
"30TWN54",709,1444,1.03667136812412,735
"30TWN91",699,1422,1.0343347639485,723
"30TWN90",558,1351,1.42114695340502,793
"30TWN89",701,1091,0.556348074179743,390
"30TWN82",713,1579,1.21458625525947,866
"30TWN81",513,1491,1.90643274853801,978
"30TWN84",812,1585,0.951970443349754,773
"30TWN83",735,1649,1.24353741496599,914
"30TWN86",527,1352,1.56546489563567,825
"30TWN85",661,1484,1.24508320726172,823
"30TWN88",462,1135,1.45670995670996,673
"30TWN87",329,1103,2.35258358662614,774
"30TWN80",464,1353,1.91594827586207,889
"30TWN79",415,1055,1.5421686746988,640
"30TWN78",296,1158,2.91216216216216,862
"30TTM55",170,451,1.65294117647059,281
"30TTM54",104,873,7.39423076923077,769
"30TTM57",59,480,7.13559322033898,421
"30TTM56",75,468,5.24,393
"30TWN71",561,1468,1.61675579322638,907
"30TTM59",80,465,4.8125,385
"30TWN70",296,1259,3.25337837837838,963
"30TTM58",170,428,1.51764705882353,258
"30TWN73",787,1594,1.02541296060991,807
"30TWN72",773,1542,0.994825355756792,769
"30TWN75",689,1341,0.946298984034833,652
"30TWN74",558,1486,1.66308243727599,928
"30TWN77",341,1144,2.35483870967742,803
"30TWN76",538,1172,1.17843866171004,634
"30TTM51",324,934,1.88271604938272,610
"30TTM50",485,1060,1.18556701030928,575
"30TTM53",673,915,0.359583952451709,242
"30TTM52",295,970,2.28813559322034,675
"30TWN24",1005,1584,0.576119402985075,579
"30TWN23",754,1606,1.12997347480106,852
"30TWN26",540,1288,1.38518518518519,748
"30TWN25",530,1562,1.94716981132075,1032
"30TWN28",228,979,3.29385964912281,751
"30TWN27",561,1086,0.935828877005348,525
"30TWN29",387,817,1.11111111111111,430
"30TWN20",610,1563,1.56229508196721,953
"30TWN22",486,1622,2.33744855967078,1136
"30TWN21",861,1658,0.925667828106852,797
"30TTM40",241,932,2.86721991701245,691
"30TWN13",441,1605,2.63945578231292,1164
"30TWN12",433,1556,2.59353348729792,1123
"30TWN15",559,1543,1.7602862254025,984
"30TWN14",514,1558,2.03112840466926,1044
"30TWN17",231,1153,3.99134199134199,922
"30TTM77",77,570,6.4025974025974,493
"30TWN16",562,1247,1.21886120996441,685
"30TTM76",68,629,8.25,561
"30TWN19",261,1023,2.91954022988506,762
"30TTM79",134,619,3.61940298507463,485
"30TWN18",199,1076,4.4070351758794,877
"30TTM78",113,547,3.84070796460177,434
"30TWN11",741,1521,1.05263157894737,780
"30TTM71",127,921,6.25196850393701,794
"30TWN10",247,1406,4.69230769230769,1159
"30TTM70",210,1011,3.81428571428571,801
"30TTM73",92,880,8.56521739130435,788
"30TTM72",193,909,3.70984455958549,716
"30TUP80",525,780,0.485714285714286,255
"30TTM75",127,620,3.88188976377953,493
"30TTM74",196,860,3.38775510204082,664
"30TWN46",557,1262,1.2657091561939,705
"30TWN45",540,1357,1.51296296296296,817
"30TWN48",335,1022,2.05074626865672,687
"30TWN47",373,1046,1.80428954423593,673
"30TTM66",159,561,2.52830188679245,402
"30TWN49",367,822,1.23978201634877,455
"30TTM65",148,597,3.03378378378378,449
"30TTM68",194,513,1.64432989690722,319
"30TTM67",179,542,2.02793296089385,363
"30TTM69",55,597,9.85454545454546,542
"30TWN40",796,1713,1.15201005025126,917
"30TWN42",888,1644,0.851351351351351,756
"30TWN41",816,1835,1.24877450980392,1019
"30TWN44",477,1448,2.0356394129979,971
"30TTM60",381,1114,1.9238845144357,733
"30TWN43",538,1566,1.91078066914498,1028
"30TTM62",360,1033,1.86944444444444,673
"30TTM61",197,1020,4.17766497461929,823
"30TTM64",103,947,8.19417475728155,844
"30TTM63",387,990,1.55813953488372,603
"30TUP70",264,844,2.1969696969697,580
"30TWN35",663,1497,1.2579185520362,834
"30TWN34",558,1560,1.79569892473118,1002
"30TWN37",545,1114,1.04403669724771,569
"30TWN36",555,1276,1.2990990990991,721
"30TWN39",218,844,2.87155963302752,626
"30TWN38",228,1034,3.53508771929825,806
"30TWN31",981,1811,0.846075433231397,830
"30TWN30",738,1697,1.29945799457995,959
"30TWN33",705,1621,1.29929078014184,916
"30TWN32",661,1639,1.47957639939486,978
"30TUP90",331,751,1.26888217522659,420
"30TUP41",75,446,4.94666666666667,371
"30TUP40",177,810,3.57627118644068,633
"30TUP31",101,523,4.17821782178218,422
"30TUP30",210,815,2.88095238095238,605
"30TWM90",305,1470,3.81967213114754,1165
"30TUP60",144,836,4.80555555555556,692
"30TWM92",902,1577,0.748337028824834,675
"30TWM91",671,1615,1.40685543964232,944
"30TWM83",243,1395,4.74074074074074,1152
"30TWM82",402,1403,2.49004975124378,1001
"30TWM85",195,1093,4.6051282051282,898
"30TWM84",517,1222,1.36363636363636,705
"30TWM87",250,1057,3.228,807
"30TWM86",293,1069,2.64846416382253,776
"30TWM89",191,1195,5.2565445026178,1004
"30TWM88",272,1015,2.73161764705882,743
"30TWM81",572,1385,1.42132867132867,813
"30TUP51",66,389,4.89393939393939,323
"30TWM80",538,1228,1.28252788104089,690
"30TUP50",276,770,1.78985507246377,494
"30TWM79",349,1265,2.62464183381089,916
"30TWM72",390,1085,1.78205128205128,695
"30TWM71",256,1059,3.13671875,803
"30TWM74",236,1126,3.77118644067797,890
"30TWM73",411,1126,1.73965936739659,715
"30TWM76",387,1171,2.02583979328165,784
"30TWM75",153,1136,6.42483660130719,983
"30TWM78",167,1219,6.29940119760479,1052
"30TWM77",179,1265,6.06703910614525,1086
"30TYK29",555,1347,1.42702702702703,792
"30TYK28",927,1400,0.51024811218986,473
"30TYK23",751,1313,0.748335552596538,562
"30TYK25",1079,1436,0.330861909175162,357
"30TYK24",857,1431,0.66977829638273,574
"30TYK27",875,1437,0.642285714285714,562
"30TYK26",873,1468,0.6815578465063,595
"30TYK18",672,1396,1.07738095238095,724
"30TVK37",800,1242,0.5525,442
"30TYK17",752,1474,0.960106382978723,722
"30TVK36",157,1287,7.19745222929936,1130
"30TVK39",201,1105,4.49751243781095,904
"30TYK19",659,1299,0.971168437025797,640
"30TVK38",416,1278,2.07211538461538,862
"30TTM99",244,875,2.58606557377049,631
"30TTM98",387,791,1.04392764857881,404
"30TYK14",652,1554,1.38343558282209,902
"30TVK33",206,970,3.70873786407767,764
"30TYK13",753,1419,0.884462151394422,666
"30TWM94",409,1228,2.00244498777506,819
"30TYK16",695,1575,1.26618705035971,880
"30TWM93",608,1539,1.53125,931
"30TVK35",33,920,26.8787878787879,887
"30TYK15",770,1542,1.0025974025974,772
"30TWM96",225,1059,3.70666666666667,834
"30TVK34",45,1081,23.0222222222222,1036
"30TWM95",483,1077,1.22981366459627,594
"30TWM98",489,1090,1.22903885480573,601
"30TTM91",82,651,6.9390243902439,569
"30TWM97",417,1094,1.62350119904077,677
"30TTM90",75,758,9.10666666666667,683
"30TTM93",202,647,2.2029702970297,445
"30TWM99",699,1259,0.801144492131617,560
"30TTM92",48,723,14.0625,675
"30TTM95",95,542,4.70526315789474,447
"30TTM94",55,643,10.6909090909091,588
"30TTM97",331,782,1.36253776435045,451
"30TTM96",329,679,1.06382978723404,350
"30TVK26",249,947,2.80321285140562,698
"30TVK25",192,542,1.82291666666667,350
"30TVK28",284,1110,2.90845070422535,826
"30TVK27",197,1035,4.25380710659898,838
"30TVK29",430,1111,1.58372093023256,681
"30TYK43",472,1128,1.38983050847458,656
"30TTM88",87,689,6.91954022988506,602
"30TYK45",384,1122,1.921875,738
"30TTM87",178,702,2.9438202247191,524
"30TYK44",482,1124,1.33195020746888,642
"30TYK47",678,1161,0.712389380530973,483
"30TTM89",203,750,2.69458128078818,547
"30TYK46",590,1115,0.889830508474576,525
"30TYK49",496,1117,1.25201612903226,621
"30TVK24",144,540,2.75,396
"30TYK48",578,1163,1.0121107266436,585
"30TVK23",145,595,3.10344827586207,450
"30TTM80",447,856,0.914988814317673,409
"30TTM82",85,782,8.2,697
"30TTM81",210,713,2.3952380952381,503
"30TTM84",60,751,11.5166666666667,691
"30TTM83",442,749,0.694570135746606,307
"30TTM86",200,680,2.4,480
"30TTM85",181,632,2.49171270718232,451
"30TVK59",103,845,7.20388349514563,742
"30TYK39",752,1255,0.668882978723404,503
"30TVK58",121,1054,7.71074380165289,933
"30TYK34",535,1427,1.66728971962617,892
"30TVK53",295,1005,2.40677966101695,710
"30TYK33",570,1309,1.29649122807018,739
"30TYK36",669,1430,1.13751868460389,761
"30TVK55",227,1082,3.76651982378855,855
"30TYK35",560,1406,1.51071428571429,846
"30TVK54",249,1127,3.52610441767068,878
"30TYK38",675,1337,0.980740740740741,662
"30TVK57",358,1199,2.34916201117318,841
"30TYK37",669,1394,1.08370702541106,725
"30TVK56",468,1293,1.76282051282051,825
"30TVK48",344,1244,2.61627906976744,900
"30TVK47",848,1315,0.550707547169811,467
"30TVK49",203,1007,3.96059113300493,804
"30TVK44",392,1069,1.72704081632653,677
"30TVK43",792,985,0.243686868686869,193
"30TVK46",252,1357,4.38492063492064,1105
"30TVK45",405,988,1.43950617283951,583
"30TYK07",805,1371,0.703105590062112,566
"30TYK06",840,1478,0.759523809523809,638
"30TYK09",506,1160,1.29249011857708,654
"30TYK08",555,1322,1.38198198198198,767
"30TYK03",1019,1399,0.372914622178606,380
"30TYK05",875,1424,0.627428571428571,549
"30TYK04",733,1451,0.979536152796726,718
"30TVK15",105,520,3.95238095238095,415
"30TVK14",114,448,2.92982456140351,334
"30TVK17",194,747,2.85051546391753,553
"30TVK16",172,562,2.26744186046512,390
"30TVK19",325,1257,2.86769230769231,932
"30TVK18",243,1058,3.35390946502058,815
"30TVK13",103,442,3.29126213592233,339
"30TVK04",39,370,8.48717948717949,331
"30TVK03",63,336,4.33333333333333,273
"30TVK06",121,553,3.5702479338843,432
"30TVK05",87,507,4.82758620689655,420
"30TVK08",387,1063,1.74677002583979,676
"30TVK07",149,857,4.75167785234899,708
"30TVK09",721,1216,0.686546463245492,495
"30TYK54",535,885,0.654205607476635,350
"30TYK53",509,968,0.901768172888016,459
"30TYK56",438,921,1.1027397260274,483
"30TYK55",254,914,2.59842519685039,660
"30TYK58",360,944,1.62222222222222,584
"30TYK57",369,964,1.61246612466125,595
"30TYK59",332,887,1.67168674698795,555
"30TUP00",134,594,3.43283582089552,460
"30TUP02",215,470,1.18604651162791,255
"30TUP01",259,567,1.18918918918919,308
"30TUP20",348,805,1.3132183908046,457
"30TUP21",124,577,3.65322580645161,453
"30TUP11",228,662,1.90350877192982,434
"30TUP10",179,736,3.11173184357542,557
"30TUP12",26,478,17.3846153846154,452
"30TTN76",718,1502,1.09192200557103,784
"30TTN75",989,1608,0.625884732052578,619
"30TTN78",92,893,8.70652173913044,801
"30TTN77",328,1249,2.80792682926829,921
"30TTN79",243,906,2.7283950617284,663
"30TTN70",235,899,2.82553191489362,664
"30TTN72",118,1087,8.21186440677966,969
"30TTN71",287,975,2.39721254355401,688
"30TTN74",677,1517,1.24076809453471,840
"30TTN73",230,1304,4.6695652173913,1074
"30TTN65",862,1537,0.783062645011601,675
"30TTN64",765,1412,0.845751633986928,647
"30TTN67",363,1252,2.44903581267218,889
"30TTN66",528,1477,1.79734848484848,949
"30TTN69",538,913,0.697026022304833,375
"30TTN68",551,960,0.742286751361162,409
"30TTN61",197,630,2.19796954314721,433
"30TTN60",199,627,2.15075376884422,428
"30TTN63",235,1113,3.73617021276596,878
"30TTN62",116,699,5.02586206896552,583
"30TTN98",120,759,5.325,639
"30TTN97",140,1183,7.45,1043
"30TTN99",86,544,5.32558139534884,458
"30TTN90",367,1080,1.94277929155313,713
"30TTN92",614,1311,1.13517915309446,697
"30TTN91",486,1228,1.52674897119342,742
"30TTN94",590,1532,1.59661016949153,942
"30TTN93",368,1360,2.69565217391304,992
"30TTN96",720,1512,1.1,792
"30TTN95",911,1583,0.737650933040615,672
"30TTN87",149,1195,7.02013422818792,1046
"30TTN86",736,1509,1.05027173913043,773
"30TTN89",115,558,3.85217391304348,443
"30TTN88",139,633,3.55395683453237,494
"30TTN81",567,1171,1.0652557319224,604
"30TTN80",289,1036,2.58477508650519,747
"30TTN83",503,1405,1.79324055666004,902
"30TTN82",321,1289,3.01557632398754,968
"30TTN85",917,1596,0.740458015267176,679
"30TTN84",770,1530,0.987012987012987,760
"30TYM05",55,595,9.81818181818182,540
"30TYM04",81,408,4.03703703703704,327
"30TYM07",196,1074,4.47959183673469,878
"30TYM06",60,770,11.8333333333333,710
"30TYM09",190,1239,5.52105263157895,1049
"30TYM08",441,1078,1.44444444444444,637
"30TYM01",119,597,4.01680672268908,478
"30TYM00",245,613,1.50204081632653,368
"30TYM03",151,496,2.28476821192053,345
"30TYM02",132,521,2.9469696969697,389
"30TTN54",321,1195,2.72274143302181,874
"30TTN53",87,921,9.58620689655172,834
"30TTN56",593,1214,1.04721753794266,621
"30TTN55",640,1307,1.0421875,667
"30TTN58",170,892,4.24705882352941,722
"30TTN57",346,1060,2.0635838150289,714
"30TTN59",233,865,2.71244635193133,632
"30TTN50",110,389,2.53636363636364,279
"30TTN52",13,445,33.2307692307692,432
"30TTN51",6,390,64,384
"30TWN93",921,1710,0.856677524429967,789
"30TWN92",752,1550,1.06117021276596,798
"30TWN95",918,1649,0.796296296296296,731
"30TWN94",945,1683,0.780952380952381,738
"30TWN97",316,1183,2.74367088607595,867
"30TWN96",412,1410,2.42233009708738,998
"30TWN99",690,1146,0.660869565217391,456
"30TWN98",516,1259,1.43992248062015,743
"30TYL51",270,763,1.82592592592593,493
"30TYL50",406,852,1.09852216748768,446
"30TYL49",95,457,3.81052631578947,362
"30TYL42",178,1075,5.03932584269663,897
"30TYL41",510,925,0.813725490196078,415
"30TYL44",792,1072,0.353535353535354,280
"30TYL43",779,1074,0.378690629011553,295
"30TYL46",328,797,1.42987804878049,469
"30TYL45",287,958,2.33797909407666,671
"30TYL48",202,766,2.79207920792079,564
"30TYL47",616,794,0.288961038961039,178
"30TYL40",509,1060,1.08251473477407,551
"30TYL39",244,501,1.05327868852459,257
"30TVL58",45,1027,21.8222222222222,982
"30TYL38",269,790,1.9368029739777,521
"30TVL57",61,1135,17.6065573770492,1074
"30TVL59",390,976,1.5025641025641,586
"30TYL31",479,1024,1.13778705636743,545
"30TVL50",386,978,1.53367875647668,592
"30TYL30",520,1144,1.2,624
"30TYL33",334,1101,2.29640718562874,767
"30TVL52",395,1304,2.30126582278481,909
"30TYL32",218,1113,4.10550458715596,895
"30TVL51",507,1201,1.36883629191322,694
"30TYL35",335,962,1.87164179104478,627
"30TVL54",532,1333,1.50563909774436,801
"30TYL34",409,1073,1.62347188264059,664
"30TVL53",235,1319,4.61276595744681,1084
"30TYL37",172,812,3.72093023255814,640
"30TVL56",471,1275,1.70700636942675,804
"30TYL36",255,825,2.23529411764706,570
"30TVL55",719,1308,0.819193324061196,589
"30TVL47",136,1281,8.41911764705882,1145
"30TVL46",205,1474,6.19024390243902,1269
"30TVL49",539,1130,1.09647495361781,591
"30TVL48",476,1238,1.60084033613445,762
"30TVL41",452,1345,1.97566371681416,893
"30TVL40",474,1185,1.5,711
"30TVL43",718,1401,0.95125348189415,683
"30TVL42",519,1438,1.77071290944123,919
"30TVL45",651,1394,1.14132104454685,743
"30TVL44",449,1479,2.29398663697105,1030
"30TVL81",291,803,1.75945017182131,512
"30TVL80",170,680,3,510
"30TVL79",177,672,2.79661016949153,495
"30TYL53",126,995,6.8968253968254,869
"30TVL72",463,1007,1.17494600431965,544
"30TYL52",144,973,5.75694444444444,829
"30TVL71",149,846,4.67785234899329,697
"30TYL55",69,869,11.5942028985507,800
"30TVL74",286,1135,2.96853146853147,849
"30TYL54",79,991,11.5443037974684,912
"30TVL73",640,1108,0.73125,468
"30TYL57",57,731,11.8245614035088,674
"30TVL76",403,1272,2.15632754342432,869
"30TYL56",12,724,59.3333333333333,712
"30TVL75",350,1185,2.38571428571429,835
"30TYL59",40,321,7.025,281
"30TVL78",297,960,2.23232323232323,663
"30TYL58",187,694,2.71122994652406,507
"30TVL77",418,1259,2.01196172248804,841
"30TVL70",129,666,4.16279069767442,537
"30TYL06",94,578,5.14893617021277,484
"30TVL69",165,750,3.54545454545455,585
"30TYL05",135,589,3.36296296296296,454
"30TVL68",84,901,9.72619047619048,817
"30TYL08",198,553,1.79292929292929,355
"30TYL07",224,527,1.35267857142857,303
"30TYL09",295,584,0.979661016949153,289
"30TVL61",371,1025,1.76280323450135,654
"30TVL60",152,835,4.49342105263158,683
"30TYL00",618,1134,0.83495145631068,516
"30TVL63",309,1246,3.03236245954693,937
"30TVL62",518,1145,1.21042471042471,627
"30TYL02",218,835,2.8302752293578,617
"30TVL65",348,1209,2.47413793103448,861
"30TYL01",396,969,1.4469696969697,573
"30TVL64",404,1238,2.06435643564356,834
"30TYL04",236,597,1.52966101694915,361
"30TVL67",345,1121,2.24927536231884,776
"30TYL03",197,644,2.26903553299492,447
"30TVL66",655,1223,0.867175572519084,568
"30TVL14",295,1276,3.32542372881356,981
"30TVL13",399,1486,2.72431077694236,1087
"30TVL16",382,1256,2.28795811518325,874
"30TVL15",80,1245,14.5625,1165
"30TVL18",331,1215,2.67069486404834,884
"30TVL17",524,1207,1.30343511450382,683
"30TVL19",270,912,2.37777777777778,642
"30TVL10",474,1336,1.81856540084388,862
"30TVL12",860,1471,0.71046511627907,611
"30TVL11",728,1491,1.04807692307692,763
"30TYL28",259,575,1.22007722007722,316
"30TVL03",370,1335,2.60810810810811,965
"30TYL27",279,599,1.14695340501792,320
"30TVL02",720,1404,0.95,684
"30TVL05",104,863,7.29807692307692,759
"30TYL29",227,548,1.41409691629956,321
"30TVL04",307,909,1.96091205211726,602
"30TVL07",263,1001,2.80608365019011,738
"30TVL06",332,939,1.82831325301205,607
"30TVL09",91,819,8,728
"30TVL08",63,1021,15.2063492063492,958
"30TYL20",392,1273,2.24744897959184,881
"30TYL22",242,916,2.78512396694215,674
"30TYL21",526,1009,0.918250950570342,483
"30TYL24",113,736,5.51327433628319,623
"30TYL23",177,762,3.30508474576271,585
"30TYL26",190,603,2.17368421052632,413
"30TVL01",288,1441,4.00347222222222,1153
"30TYL25",73,677,8.27397260273973,604
"30TVL00",654,1372,1.09785932721713,718
"30TYL17",242,556,1.29752066115702,314
"30TVL36",121,1415,10.6942148760331,1294
"30TYL16",209,537,1.56937799043062,328
"30TVL35",668,1398,1.09281437125748,730
"30TYL19",162,589,2.6358024691358,427
"30TVL38",416,1333,2.20432692307692,917
"30TYL18",192,574,1.98958333333333,382
"30TVL37",761,1309,0.720105124835742,548
"30TVL39",436,1125,1.5802752293578,689
"30TYL11",502,1027,1.04581673306773,525
"30TVL30",499,1299,1.60320641282565,800
"30TYL10",503,1208,1.40159045725646,705
"30TYL13",49,608,11.4081632653061,559
"30TVL32",657,1463,1.22678843226788,806
"30TYL12",168,887,4.27976190476191,719
"30TVL31",693,1441,1.07936507936508,748
"30TYL15",171,502,1.93567251461988,331
"30TVL34",624,1456,1.33333333333333,832
"30TYL14",128,487,2.8046875,359
"30TVL33",918,1412,0.538126361655773,494
"30TVL25",593,1347,1.27150084317032,754
"30TVL24",628,1384,1.20382165605096,756
"30TVL27",721,1361,0.887656033287101,640
"30TVL26",457,1383,2.02625820568928,926
"30TVL29",207,1056,4.10144927536232,849
"30TVL28",200,1390,5.95,1190
"30TVL21",598,1463,1.44648829431438,865
"30TVL20",420,1329,2.16428571428571,909
"30TVL23",625,1458,1.3328,833
"30TVL22",893,1477,0.653975363941769,584
"30TVK73",188,557,1.96276595744681,369
"30TVK75",339,841,1.48082595870206,502
"30TVK74",247,708,1.8663967611336,461
"30TVK77",154,786,4.1038961038961,632
"30TVK76",192,856,3.45833333333333,664
"30TVK79",58,634,9.93103448275862,576
"30TVK78",241,597,1.47717842323651,356
"30TVK69",71,687,8.67605633802817,616
"30TVK64",277,776,1.8014440433213,499
"30TVK63",262,668,1.54961832061069,406
"30TVK66",477,965,1.0230607966457,488
"30TVK65",371,928,1.50134770889488,557
"30TVK68",160,649,3.05625,489
"30TVK67",216,910,3.21296296296296,694
"30TVK95",223,748,2.3542600896861,525
"30TVK94",263,760,1.88973384030418,497
"30TVK97",222,560,1.52252252252252,338
"30TVK96",122,561,3.59836065573771,439
"30TVK99",136,651,3.78676470588235,515
"30TVK98",227,591,1.60352422907489,364
"30TVK93",213,722,2.38967136150235,509
"30TVK84",221,690,2.12217194570136,469
"30TVK83",201,578,1.87562189054726,377
"30TVK86",234,685,1.92735042735043,451
"30TVK85",221,702,2.17647058823529,481
"30TVK88",184,620,2.3695652173913,436
"30TVK87",108,646,4.98148148148148,538
"30TVK89",219,670,2.05936073059361,451
"30TWL26",382,1092,1.8586387434555,710
"30TWL25",352,1037,1.94602272727273,685
"30TWL28",220,1027,3.66818181818182,807
"30TWL27",503,1006,1,503
"30TWL29",340,921,1.70882352941176,581
"30TWL20",101,761,6.53465346534653,660
"30TWL22",238,781,2.28151260504202,543
"30TWL21",128,682,4.328125,554
"30TWL24",389,975,1.50642673521851,586
"30TWL23",387,871,1.25064599483204,484
"30TWL15",425,948,1.23058823529412,523
"30TWL14",269,936,2.47955390334573,667
"30TWL17",569,994,0.746924428822496,425
"30TWL16",424,1101,1.59669811320755,677
"30TWL19",570,1040,0.824561403508772,470
"30TWL18",303,1145,2.77887788778878,842
"30TWL11",282,678,1.40425531914894,396
"30TWL10",189,695,2.67724867724868,506
"30TWL13",280,874,2.12142857142857,594
"30TWL12",262,766,1.9236641221374,504
"30TWL48",143,766,4.35664335664336,623
"30TWL47",292,870,1.97945205479452,578
"30TWL49",222,773,2.48198198198198,551
"30TWL40",209,903,3.32057416267943,694
"30TWL42",85,918,9.8,833
"30TWL41",194,826,3.25773195876289,632
"30TWL44",388,1182,2.04639175257732,794
"30TWL43",450,1003,1.22888888888889,553
"30TWL46",305,1073,2.51803278688525,768
"30TWL45",471,1176,1.4968152866242,705
"30TWL37",331,906,1.73716012084592,575
"30TWL36",521,1056,1.02687140115163,535
"30TWL39",340,784,1.30588235294118,444
"30TWL38",154,855,4.55194805194805,701
"30TWL31",158,620,2.92405063291139,462
"30TWL30",313,778,1.48562300319489,465
"30TWL33",349,964,1.7621776504298,615
"30TWL32",138,848,5.14492753623188,710
"30TWL35",329,1094,2.32522796352584,765
"30TWL34",457,1117,1.44420131291028,660
"30TUN44",773,1557,1.01423027166882,784
"30TUN43",451,1333,1.95565410199557,882
"30TUN46",662,1711,1.58459214501511,1049
"30TUN45",656,1631,1.48628048780488,975
"30TUN48",947,1549,0.635691657866948,602
"30TUN47",817,1674,1.04895960832313,857
"30TUN49",258,1345,4.21317829457364,1087
"30TUN40",28,613,20.8928571428571,585
"30TUN42",131,1002,6.64885496183206,871
"30TUN41",50,794,14.88,744
"30TWL04",397,1024,1.57934508816121,627
"30TWL03",314,884,1.81528662420382,570
"30TWL06",240,1225,4.10416666666667,985
"30TWL05",390,1080,1.76923076923077,690
"30TWL08",331,1202,2.63141993957704,871
"30TWL07",531,1155,1.17514124293785,624
"30TWL09",733,1040,0.418826739427012,307
"30TUN33",662,1262,0.906344410876133,600
"30TUN32",493,974,0.975659229208925,481
"30TUN35",868,1595,0.837557603686636,727
"30TUN34",705,1473,1.08936170212766,768
"30TWL00",177,650,2.67231638418079,473
"30TUN37",793,1623,1.04665825977301,830
"30TUN36",981,1606,0.63710499490316,625
"30TWL02",358,833,1.3268156424581,475
"30TUN39",461,1267,1.74837310195228,806
"30TWL01",334,705,1.11077844311377,371
"30TUN38",747,1456,0.949129852744311,709
"30TUN31",183,752,3.10928961748634,569
"30TUN30",212,622,1.93396226415094,410
"30TUN66",595,1781,1.99327731092437,1186
"30TUN65",876,1782,1.03424657534247,906
"30TUN68",711,1618,1.27566807313643,907
"30TUN67",636,1679,1.63993710691824,1043
"30TUN69",447,1383,2.09395973154362,936
"30TUN60",37,533,13.4054054054054,496
"30TUN62",74,841,10.3648648648649,767
"30TUN61",48,507,9.5625,459
"30TWK94",247,1159,3.69230769230769,912
"30TUN64",1052,1693,0.609315589353612,641
"30TWK93",241,1064,3.4149377593361,823
"30TUN63",492,1472,1.99186991869919,980
"30TWK85",639,1198,0.874804381846635,559
"30TUN55",1039,1679,0.615976900866217,640
"30TWK84",516,1200,1.32558139534884,684
"30TUN54",799,1589,0.988735919899875,790
"30TWK87",523,1247,1.38432122370937,724
"30TUN57",978,1693,0.731083844580777,715
"30TWK86",437,1208,1.76430205949657,771
"30TUN56",807,1745,1.16232961586121,938
"30TWK89",615,1281,1.08292682926829,666
"30TUN59",291,1407,3.83505154639175,1116
"30TWK88",638,1295,1.02978056426332,657
"30TUN58",780,1636,1.0974358974359,856
"30TUN51",127,523,3.11811023622047,396
"30TUN50",233,452,0.939914163090129,219
"30TWK83",450,1117,1.48222222222222,667
"30TUN53",447,1358,2.03803131991051,911
"30TUN52",176,875,3.97159090909091,699
"30TUN08",205,927,3.5219512195122,722
"30TUN07",472,1355,1.87076271186441,883
"30TUN09",192,550,1.86458333333333,358
"30TWK74",502,1190,1.37051792828685,688
"30TUN00",399,982,1.46115288220551,583
"30TWK73",537,1120,1.08566108007449,583
"30TWK76",392,1179,2.00765306122449,787
"30TUN02",366,1166,2.18579234972678,800
"30TWK75",576,1151,0.998263888888889,575
"30TUN01",376,1133,2.01329787234043,757
"30TWK78",636,1239,0.94811320754717,603
"30TUN04",551,1432,1.5989110707804,881
"30TWK77",467,1214,1.59957173447537,747
"30TUN03",336,1219,2.62797619047619,883
"30TUN06",675,1555,1.3037037037037,880
"30TWK79",647,1255,0.939721792890263,608
"30TUN05",844,1560,0.848341232227488,716
"30TUN29",291,1042,2.5807560137457,751
"30TWK96",547,1299,1.37477148080439,752
"30TUN22",369,1008,1.73170731707317,639
"30TWK95",453,1219,1.69094922737307,766
"30TUN21",224,852,2.80357142857143,628
"30TWK98",662,1349,1.03776435045317,687
"30TUN24",658,1429,1.17173252279635,771
"30TWK97",589,1319,1.23938879456706,730
"30TUN23",432,1147,1.65509259259259,715
"30TUN26",939,1645,0.751863684771033,706
"30TTK93",286,901,2.15034965034965,615
"30TWK99",544,1248,1.29411764705882,704
"30TUN25",954,1618,0.69601677148847,664
"30TUN28",115,1297,10.2782608695652,1182
"30TTK95",457,1251,1.73741794310722,794
"30TUN27",630,1570,1.49206349206349,940
"30TTK94",431,1149,1.66589327146172,718
"30TTK97",275,1054,2.83272727272727,779
"30TTK96",533,1163,1.18198874296435,630
"30TTK99",14,505,35.0714285714286,491
"30TTK98",198,809,3.08585858585859,611
"30TUN20",86,733,7.52325581395349,647
"30TWK49",370,924,1.4972972972973,554
"30TUN19",79,675,7.54430379746835,596
"30TWK48",288,852,1.95833333333333,564
"30TUN18",97,1072,10.0515463917526,975
"30TTK89",17,773,44.4705882352941,756
"30TUN11",314,973,2.09872611464968,659
"30TUN10",233,879,2.7725321888412,646
"30TWK43",151,588,2.89403973509934,437
"30TUN13",88,1083,11.3068181818182,995
"30TUN12",164,1017,5.20121951219512,853
"30TWK45",89,365,3.10112359550562,276
"30TUN15",698,1580,1.26361031518625,882
"30TWK44",119,451,2.78991596638655,332
"30TUN14",194,1395,6.19072164948454,1201
"30TWK47",179,749,3.18435754189944,570
"30TUN17",640,1401,1.1890625,761
"30TTK84",365,1121,2.07123287671233,756
"30TWK46",145,494,2.40689655172414,349
"30TUN16",1015,1587,0.563546798029557,572
"30TTK83",296,907,2.06418918918919,611
"30TTK86",739,1177,0.592692828146143,438
"30TTK85",594,1224,1.06060606060606,630
"30TTK88",245,1063,3.33877551020408,818
"30TTK87",541,1161,1.1460258780037,620
"30TWK38",440,878,0.995454545454545,438
"30TWK37",305,805,1.63934426229508,500
"30TWK39",381,878,1.30446194225722,497
"30TWK34",121,507,3.1900826446281,386
"30TWK33",194,573,1.95360824742268,379
"30TWK36",180,519,1.88333333333333,339
"30TWK35",111,482,3.34234234234234,371
"30TXN81",566,1480,1.61484098939929,914
"30TXN80",603,1354,1.24543946932007,751
"30TWK63",333,1011,2.03603603603604,678
"30TWK65",256,936,2.65625,680
"30TWK64",206,1012,3.9126213592233,806
"30TWK67",376,1049,1.78989361702128,673
"30TXN72",296,1448,3.89189189189189,1152
"30TWK66",252,1010,3.00793650793651,758
"30TXN71",383,1286,2.35770234986945,903
"30TWK69",235,1124,3.78297872340426,889
"30TXN74",818,1660,1.02933985330073,842
"30TWK68",474,1105,1.33122362869198,631
"30TXN73",530,1640,2.09433962264151,1110
"30TXN75",954,1535,0.609014675052411,581
"30TXN70",297,1209,3.07070707070707,912
"30TWK59",357,918,1.57142857142857,561
"30TTK57",777,1398,0.799227799227799,621
"30TTK56",848,1401,0.652122641509434,553
"30TTK59",588,851,0.447278911564626,263
"30TTK58",443,1203,1.71557562076749,760
"30TWK54",123,602,3.89430894308943,479
"30TWK53",278,684,1.46043165467626,406
"30TWK56",134,684,4.1044776119403,550
"30TXN61",410,1313,2.20243902439024,903
"30TWK55",89,551,5.19101123595506,462
"30TXN60",300,1039,2.46333333333333,739
"30TWK58",240,882,2.675,642
"30TXN63",594,1575,1.65151515151515,981
"30TWK57",199,848,3.26130653266332,649
"30TXN62",806,1399,0.735732009925558,593
"30TXN65",637,1448,1.27315541601256,811
"30TTK53",476,1028,1.15966386554622,552
"30TXN64",599,1561,1.60601001669449,962
"30TTK55",405,1293,2.19259259259259,888
"30TXN66",725,1257,0.733793103448276,532
"30TTK54",383,1138,1.97127937336815,755
"30TTK46",110,1149,9.44545454545455,1039
"30TTK45",346,1035,1.99132947976879,689
"30TTK48",318,1035,2.25471698113208,717
"30TTK47",448,1146,1.55803571428571,698
"30TTK49",258,800,2.10077519379845,542
"30TXN94",898,1608,0.790645879732739,710
"30TXN93",949,1725,0.817702845100105,776
"30TXN95",749,1411,0.883845126835781,662
"30TTK44",86,856,8.95348837209302,770
"30TTK43",117,704,5.01709401709402,587
"30TXN90",724,1544,1.13259668508287,820
"30TXN92",836,1823,1.18062200956938,987
"30TXN91",803,1712,1.13200498132005,909
"30TTK79",554,813,0.467509025270758,259
"30TTK78",273,1185,3.34065934065934,912
"30TUN88",123,924,6.51219512195122,801
"30TUN87",144,1372,8.52777777777778,1228
"30TUN89",365,915,1.50684931506849,550
"30TXN83",708,1709,1.4138418079096,1001
"30TXN82",495,1644,2.32121212121212,1149
"30TXN85",891,1498,0.681257014590348,607
"30TTK73",343,1088,2.17201166180758,745
"30TXN84",1043,1664,0.595397890699904,621
"30TUN80",45,662,13.7111111111111,617
"30TTK75",590,1321,1.23898305084746,731
"30TTK74",534,1244,1.32958801498127,710
"30TUN82",85,1047,11.3176470588235,962
"30TTK77",697,1356,0.945480631276901,659
"30TUN81",21,807,37.4285714285714,786
"30TTK76",765,1340,0.751633986928105,575
"30TUN84",474,1593,2.36075949367089,1119
"30TUN83",62,1455,22.4677419354839,1393
"30TUN86",924,1478,0.5995670995671,554
"30TUN85",809,1661,1.05315203955501,852
"30TTK68",82,1337,15.3048780487805,1255
"30TTK67",762,1477,0.938320209973753,715
"30TTK69",76,1020,12.4210526315789,944
"30TUN77",227,1620,6.13656387665198,1393
"30TUN76",725,1649,1.27448275862069,924
"30TUN79",439,1231,1.80410022779043,792
"30TUN78",324,1373,3.23765432098765,1049
"30TTK64",481,1239,1.57588357588358,758
"30TTK63",857,1099,0.282380396732789,242
"30TUN71",17,322,17.9411764705882,305
"30TTK66",876,1473,0.681506849315068,597
"30TUN70",115,446,2.87826086956522,331
"30TTK65",360,1379,2.83055555555556,1019
"30TUN73",415,1430,2.44578313253012,1015
"30TUN72",23,712,29.9565217391304,689
"30TUN75",889,1754,0.973003374578178,865
"30TUN74",1111,1635,0.471647164716472,524
"30TUN99",269,793,1.94795539033457,524
"30TUN98",145,690,3.75862068965517,545
"30TUN91",278,991,2.56474820143885,713
"30TUN90",157,654,3.1656050955414,497
"30TUN93",573,1338,1.33507853403141,765
"30TUN92",573,1153,1.01221640488656,580
"30TUN95",565,1550,1.74336283185841,985
"30TUN94",349,1425,3.08309455587393,1076
"30TUN97",199,1301,5.53768844221106,1102
"30TUN96",436,1442,2.30733944954128,1006
"30TWM47",353,1213,2.43626062322946,860
"30TWM46",393,1206,2.06870229007634,813
"30TWM49",290,1475,4.08620689655172,1185
"30TWM48",485,1234,1.54432989690722,749
"30TWM41",424,1304,2.07547169811321,880
"30TWM40",376,939,1.49734042553191,563
"30TWM43",449,1567,2.48997772828508,1118
"30TWM42",752,1408,0.872340425531915,656
"30TWM45",645,1350,1.09302325581395,705
"30TWM44",739,1461,0.976995940460081,722
"30TWM36",484,1384,1.8595041322314,900
"30TWM35",552,1418,1.56884057971015,866
"30TWM38",436,1282,1.94036697247706,846
"30TWM37",565,1289,1.28141592920354,724
"30TWM39",313,1447,3.62300319488818,1134
"30TWM30",278,1016,2.65467625899281,738
"30TWM32",823,1501,0.823815309842041,678
"30TWM31",473,1403,1.9661733615222,930
"30TWM34",780,1547,0.983333333333333,767
"30TWM33",790,1637,1.07215189873418,847
"30TWM70",303,1049,2.46204620462046,746
"30TWM69",319,1313,3.11598746081505,994
"30TWM68",639,1263,0.976525821596244,624
"30TWM61",155,831,4.36129032258065,676
"30TWM60",202,806,2.99009900990099,604
"30TWM63",557,1126,1.02154398563734,569
"30TWM62",227,985,3.33920704845815,758
"30TWM65",383,1196,2.12271540469974,813
"30TWM64",438,1151,1.62785388127854,713
"30TWM67",623,1254,1.01284109149278,631
"30TWM66",378,1183,2.12962962962963,805
"30TWM58",354,1343,2.79378531073446,989
"30TWM57",201,1306,5.49751243781095,1105
"30TWM59",272,1455,4.34926470588235,1183
"30TWM50",229,864,2.77292576419214,635
"30TWM52",215,1192,4.54418604651163,977
"30TWM51",221,1095,3.95475113122172,874
"30TWM54",585,1316,1.24957264957265,731
"30TWM53",247,1372,4.55465587044534,1125
"30TWM56",431,1253,1.90719257540603,822
"30TWM55",337,1271,2.77151335311573,934
"30TWM03",465,1584,2.40645161290323,1119
"30TWM02",699,1535,1.19599427753934,836
"30TWM05",783,1547,0.9757343550447,764
"30TWM04",574,1489,1.59407665505226,915
"30TWM07",708,1392,0.966101694915254,684
"30TWM06",560,1546,1.76071428571429,986
"30TWM09",313,1170,2.73801916932907,857
"30TWM08",590,1255,1.1271186440678,665
"30TWM01",519,1429,1.75337186897881,910
"30TWM00",378,1254,2.31746031746032,876
"30TTL56",256,890,2.4765625,634
"30TTL55",124,785,5.33064516129032,661
"30TTL58",479,1077,1.24843423799582,598
"30TTL57",381,878,1.30446194225722,497
"30TTL59",758,1035,0.365435356200528,277
"30TTL50",73,864,10.8356164383562,791
"30TTL52",445,798,0.793258426966292,353
"30TTL51",56,709,11.6607142857143,653
"30TTL54",144,770,4.34722222222222,626
"30TTL53",116,789,5.80172413793103,673
"30TWM25",772,1532,0.984455958549223,760
"30TWM24",580,1570,1.70689655172414,990
"30TWM27",665,1328,0.996992481203008,663
"30TWM26",648,1526,1.35493827160494,878
"30TWM29",200,1278,5.39,1078
"30TWM28",374,1232,2.29411764705882,858
"30TTL45",42,455,9.83333333333333,413
"30TTL44",20,343,16.15,323
"30TTL47",6,727,120.166666666667,721
"30TTL46",7,572,80.7142857142857,565
"30TTL49",154,914,4.93506493506494,760
"30TTL48",5,920,183,915
"30TWM21",541,1374,1.53974121996303,833
"30TWM20",270,1185,3.38888888888889,915
"30TWM23",672,1599,1.37946428571429,927
"30TWM22",832,1517,0.823317307692308,685
"30TTL41",6,498,82,492
"30TTL40",7,659,93.1428571428571,652
"30TTL43",3,552,183,549
"30TTL42",50,520,9.4,470
"30TWM14",799,1486,0.85982478097622,687
"30TWM13",604,1534,1.53973509933775,930
"30TWM16",703,1540,1.19061166429587,837
"30TWM15",978,1512,0.54601226993865,534
"30TWM18",413,1262,2.05569007263923,849
"30TWM17",574,1350,1.35191637630662,776
"30TWM19",107,1218,10.3831775700935,1111
"30TWM10",307,1254,3.08469055374593,947
"30TWM12",775,1479,0.908387096774194,704
"30TWM11",653,1350,1.06738131699847,697
"30TWL95",358,771,1.1536312849162,413
"30TWL94",239,749,2.13389121338912,510
"30TWL97",286,815,1.84965034965035,529
"30TWL96",258,794,2.07751937984496,536
"30TWL99",264,1159,3.39015151515152,895
"30TWL98",123,995,7.08943089430894,872
"30TWL71",384,1079,1.80989583333333,695
"30TWL70",299,1199,3.01003344481605,900
"30TWL69",311,808,1.59807073954984,497
"31SFE11",218,778,2.56880733944954,560
"31SFE10",85,606,6.12941176470588,521
"31SFE12",2,575,286.5,573
"31SCD82",26,311,10.9615384615385,285
"31SED15",425,545,0.282352941176471,120
"31SED17",69,454,5.57971014492754,385
"31SED16",191,559,1.92670157068063,368
"31SED19",484,826,0.706611570247934,342
"31SED18",159,714,3.49056603773585,555
"31SED04",78,647,7.29487179487179,569
"31SED06",119,668,4.61344537815126,549
"31SED05",219,573,1.61643835616438,354
"31SED08",143,703,3.91608391608392,560
"31SED07",45,554,11.3111111111111,509
"31SED09",150,918,5.12,768
"31SBC59",963,1228,0.275181723779855,265
"31SBC58",450,1169,1.59777777777778,719
"31SBC48",848,1181,0.392688679245283,333
"31SBC47",113,913,7.07964601769912,800
"31SBC49",854,1234,0.444964871194379,380
"31SBC37",21,874,40.6190476190476,853
"31SBC39",304,1124,2.69736842105263,820
"31SBC38",357,1044,1.92436974789916,687
"31SDE81",296,950,2.20945945945946,654
"31SDE80",720,986,0.369444444444444,266
"31SDE71",6,899,148.833333333333,893
"31SDE70",680,966,0.420588235294118,286
"31SDE91",363,969,1.66942148760331,606
"31SDE90",615,994,0.616260162601626,379
"31SCC58",57,508,7.91228070175439,451
"31SCC57",187,500,1.67379679144385,313
"31SCC59",21,689,31.8095238095238,668
"31SFE00",145,738,4.08965517241379,593
"31SFE02",584,938,0.606164383561644,354
"31SFE01",526,913,0.73574144486692,387
"31SCD51",250,669,1.676,419
"31SCD50",423,646,0.527186761229314,223
"31SCD52",181,468,1.58563535911602,287
"31SCD40",283,568,1.00706713780919,285
"31SCD41",174,593,2.40804597701149,419
"31SCD71",204,508,1.49019607843137,304
"31SCD73",37,288,6.78378378378378,251
"31SCD72",188,423,1.25,235
"31SCD60",238,618,1.59663865546218,380
"31SCD62",183,516,1.81967213114754,333
"31SCD61",196,669,2.41326530612245,473
"31SCD63",4,340,84,336
"31SCC78",176,534,2.03409090909091,358
"31SCC77",45,526,10.6888888888889,481
"31SCC69",117,675,4.76923076923077,558
"31SCC68",487,544,0.117043121149897,57
"31SCC67",20,536,25.8,516
"31SDD47",175,722,3.12571428571429,547
"31SDD48",362,752,1.07734806629834,390
"31SDE60",129,856,5.63565891472868,727
"31SDD93",407,432,0.0614250614250614,25
"31SDD96",105,653,5.21904761904762,548
"31SDD95",218,514,1.35779816513761,296
"31SDD98",248,679,1.73790322580645,431
"31SDD97",333,627,0.882882882882883,294
"31SDD99",156,983,5.30128205128205,827
"31SDD69",544,952,0.75,408
"31SDD68",414,982,1.3719806763285,568
"31SDD67",321,901,1.80685358255452,580
"31SDD58",455,897,0.971428571428571,442
"31SDD57",478,828,0.732217573221757,350
"31SDD59",366,785,1.1448087431694,419
"31SDD56",118,603,4.11016949152542,485
"31SDD85",200,481,1.405,281
"31SDD87",168,790,3.70238095238095,622
"31SDD86",304,691,1.27302631578947,387
"31SDD89",411,1040,1.53041362530414,629
"31SDD88",206,892,3.33009708737864,686
"31SDD79",535,1030,0.925233644859813,495
"31SDD76",205,629,2.06829268292683,424
"31SDD75",20,396,18.8,376
"31SDD78",417,965,1.31414868105516,548
"31SDD77",334,813,1.43413173652695,479
"31SEE10",521,866,0.662188099808061,345
"31SEE12",224,530,1.36607142857143,306
"31SEE11",284,797,1.80633802816901,513
"31SEE02",92,615,5.68478260869565,523
"31SEE01",431,918,1.12993039443155,487
"31SEE00",435,955,1.19540229885057,520
"31SEE30",153,624,3.07843137254902,471
"31SEE20",297,834,1.80808080808081,537
"31SED37",38,349,8.18421052631579,311
"31SED39",450,657,0.46,207
"31SED38",217,643,1.963133640553,426
"31SED26",71,506,6.12676056338028,435
"31SED25",14,486,33.7142857142857,472
"31SED28",182,770,3.23076923076923,588
"31SED27",112,444,2.96428571428571,332
"31SED29",433,832,0.921478060046189,399
"31SED49",80,513,5.4125,433
"31SBD40",784,1154,0.471938775510204,370
"31SBD30",111,991,7.92792792792793,880
"31SBD50",412,1152,1.79611650485437,740
"31SBE42",54,538,8.96296296296296,484
"31SEE92",519,1023,0.971098265895954,504
"31SEE91",484,982,1.02892561983471,498
"31SEE82",692,1002,0.447976878612717,310
"31SEE81",241,931,2.86307053941909,690
"31SEE72",449,898,1,449
"31SEE71",51,835,15.3725490196078,784
"31SEE62",149,562,2.77181208053691,413
"31SCE01",112,112,0,0
"31TBF86",392,993,1.53316326530612,601
"31TBF85",514,1002,0.949416342412451,488
"31TBF88",584,903,0.546232876712329,319
"31TBF87",394,975,1.4746192893401,581
"31TBF89",519,868,0.672447013487476,349
"31TBF80",760,1404,0.847368421052632,644
"31TBF82",857,1413,0.6487747957993,556
"31TBF81",769,1422,0.849154746423927,653
"31TBF84",475,1233,1.59578947368421,758
"31TBF83",890,1347,0.513483146067416,457
"31TBF75",442,911,1.06108597285068,469
"31TBF74",422,1225,1.90284360189573,803
"31TBF77",424,863,1.03537735849057,439
"31TBF76",503,856,0.701789264413519,353
"31TBF79",418,845,1.02153110047847,427
"31TBF78",612,868,0.418300653594771,256
"31TBF71",1037,1532,0.477338476374156,495
"31TBF70",795,1495,0.880503144654088,700
"31TBF73",952,1404,0.474789915966387,452
"31TBF72",1089,1478,0.357208448117539,389
"31TBF97",404,1065,1.63613861386139,661
"31TBF96",674,1090,0.617210682492582,416
"31TBF99",572,896,0.566433566433566,324
"31TBF98",407,867,1.13022113022113,460
"31TBF91",705,1220,0.730496453900709,515
"31TBF90",853,1153,0.351699882766706,300
"31TBF93",743,1220,0.641991924629879,477
"31TBF92",638,1229,0.926332288401254,591
"31TBF95",652,1103,0.691717791411043,451
"31TBF94",515,1189,1.30873786407767,674
"31TBF49",2,414,206,412
"31TBF42",191,1034,4.41361256544503,843
"31TBF41",387,1161,2,774
"31TBF44",116,689,4.93965517241379,573
"31TBF43",69,754,9.92753623188406,685
"31TBF46",153,458,1.99346405228758,305
"31TBF45",112,610,4.44642857142857,498
"31TBF48",81,455,4.61728395061728,374
"31TBF47",116,439,2.78448275862069,323
"31TBF40",386,1249,2.23575129533679,863
"31TBF64",542,1176,1.16974169741697,634
"31TBF63",528,1384,1.62121212121212,856
"31TBF66",388,812,1.09278350515464,424
"31TBF65",481,878,0.825363825363825,397
"31TBF68",414,858,1.07246376811594,444
"31TBF67",436,845,0.938073394495413,409
"31TBF69",325,834,1.56615384615385,509
"31TBF60",1065,1511,0.418779342723005,446
"31TBF62",1014,1480,0.45956607495069,466
"31TBF61",1011,1537,0.520276953511375,526
"31TBF53",517,1195,1.31141199226306,678
"31TBF52",508,1338,1.63385826771654,830
"31TBF55",302,807,1.67218543046358,505
"31TBF54",487,867,0.780287474332649,380
"31TBF57",195,686,2.51794871794872,491
"31TBF56",185,721,2.8972972972973,536
"31TBF59",300,651,1.17,351
"31TBF58",241,718,1.9792531120332,477
"31TBF51",895,1440,0.608938547486033,545
"31TBF50",948,1430,0.508438818565401,482
"31TEH00",1054,1516,0.438330170777989,462
"31TBG96",355,1272,2.5830985915493,917
"31TBG95",714,1253,0.754901960784314,539
"31TBG98",310,1539,3.96451612903226,1229
"31TBG97",339,1344,2.9646017699115,1005
"31TBG99",831,1693,1.03730445246691,862
"31TBG90",493,887,0.799188640973631,394
"31TBG92",369,1084,1.93766937669377,715
"31TBG91",245,986,3.02448979591837,741
"31TBG94",659,1273,0.931714719271624,614
"31TBG93",787,1194,0.51715374841169,407
"31TBG63",326,860,1.63803680981595,534
"31TBG62",140,636,3.54285714285714,496
"31TBG65",355,1107,2.11830985915493,752
"31TBG64",696,1057,0.51867816091954,361
"31TBG67",284,982,2.45774647887324,698
"31TBG66",60,1078,16.9666666666667,1018
"31TBG69",419,1420,2.3890214797136,1001
"31TBG68",345,1125,2.26086956521739,780
"31TBG61",281,545,0.939501779359431,264
"31TBG60",96,722,6.52083333333333,626
"31TBG59",355,1138,2.2056338028169,783
"31TBG52",114,614,4.3859649122807,500
"31TBG51",121,458,2.78512396694215,337
"31TBG54",176,866,3.92045454545455,690
"31TBG53",198,801,3.04545454545455,603
"31TBG56",154,812,4.27272727272727,658
"31TBG55",201,842,3.18905472636816,641
"31TBG58",184,948,4.15217391304348,764
"31TBG57",362,752,1.07734806629834,390
"31TBG50",64,616,8.625,552
"31TBG85",346,1279,2.69653179190751,933
"31TBG84",158,1264,7,1106
"31TBG87",194,1230,5.34020618556701,1036
"31TBG86",316,1245,2.93987341772152,929
"31TBG89",775,1599,1.06322580645161,824
"31TBG88",620,1375,1.21774193548387,755
"31TBG81",54,799,13.7962962962963,745
"31TBG80",326,787,1.41411042944785,461
"31TBG83",493,1060,1.1501014198783,567
"31TBG82",552,959,0.73731884057971,407
"31TBG74",458,1141,1.49126637554585,683
"31TBG73",147,1016,5.91156462585034,869
"31TBG76",512,1097,1.142578125,585
"31TBG75",654,1171,0.790519877675841,517
"31TBG78",432,1281,1.96527777777778,849
"31TBG77",247,1186,3.80161943319838,939
"31TBG79",458,1540,2.36244541484716,1082
"31TBG70",284,750,1.64084507042254,466
"31TBG72",43,880,19.4651162790698,837
"31TBG71",13,768,58.0769230769231,755
"31TEE73",241,885,2.67219917012448,644
"31TEE63",28,558,18.9285714285714,530
"31TCG75",714,1427,0.99859943977591,713
"31TCG74",400,1317,2.2925,917
"31TCG77",911,1628,0.787047200878156,717
"31TCG76",867,1563,0.802768166089965,696
"31TCG79",791,1728,1.18457648546144,937
"31TCG78",745,1686,1.26308724832215,941
"31TCG71",359,828,1.30640668523677,469
"31TCG70",224,1070,3.77678571428571,846
"31TCG73",572,1057,0.847902097902098,485
"31TCG72",252,951,2.77380952380952,699
"31TCG64",556,1221,1.19604316546763,665
"31TCG63",465,971,1.08817204301075,506
"31TCG66",820,1500,0.829268292682927,680
"31TCG65",666,1369,1.05555555555556,703
"31TCG68",651,1634,1.5099846390169,983
"31TCG67",930,1548,0.664516129032258,618
"31TCG69",782,1676,1.14322250639386,894
"31TCG60",315,896,1.84444444444444,581
"31TCG62",78,919,10.7820512820513,841
"31TCG61",267,771,1.8876404494382,504
"31TCG97",1114,1782,0.599640933572711,668
"31TCG96",1000,1664,0.664,664
"31TCG99",963,1816,0.885773624091381,853
"31TCG98",1095,1798,0.642009132420091,703
"31TCG91",405,1413,2.48888888888889,1008
"31TCG90",705,1543,1.1886524822695,838
"31TCG93",393,958,1.43765903307888,565
"31TCG92",131,918,6.00763358778626,787
"31TCG95",809,1497,0.850432632880099,688
"31TCG94",574,1204,1.09756097560976,630
"31TCG86",926,1596,0.72354211663067,670
"31TCG85",778,1481,0.903598971722365,703
"31TCG88",962,1750,0.819126819126819,788
"31TCG87",1014,1661,0.638067061143984,647
"31TCG89",706,1797,1.54532577903683,1091
"31TCG80",535,1400,1.61682242990654,865
"31TCG82",350,967,1.76285714285714,617
"31TCG81",229,1035,3.51965065502183,806
"31TCG84",638,1267,0.9858934169279,629
"31TCG83",455,1029,1.26153846153846,574
"31TCG39",740,1652,1.23243243243243,912
"31TCG38",689,1549,1.24818577648766,860
"31TCG31",371,900,1.42587601078167,529
"31TCG30",335,846,1.52537313432836,511
"31TCG33",624,1258,1.01602564102564,634
"31TCG32",186,1072,4.76344086021505,886
"31TCG35",1065,1458,0.369014084507042,393
"31TCG34",750,1439,0.918666666666667,689
"31TCG37",472,1531,2.24364406779661,1059
"31TCG36",742,1502,1.02425876010782,760
"31TCG28",713,1599,1.24263674614306,886
"31TCG27",531,1417,1.66854990583804,886
"31TCG29",823,1777,1.1591737545565,954
"31TCG20",439,846,0.927107061503417,407
"31TCG22",589,1133,0.923599320882852,544
"31TCG21",433,938,1.1662817551963,505
"31TCG24",899,1446,0.60845383759733,547
"31TCG23",862,1316,0.526682134570766,454
"31TCG26",400,1431,2.5775,1031
"31TCG25",906,1423,0.570640176600442,517
"31TCG53",313,939,2,626
"31TCG52",344,829,1.40988372093023,485
"31TCG55",669,1407,1.10313901345291,738
"31TCG54",333,1249,2.75075075075075,916
"31TCG57",571,1580,1.76707530647986,1009
"31TCG56",809,1499,0.852904820766378,690
"31TCG59",827,1548,0.871825876662636,721
"31TCG58",752,1562,1.07712765957447,810
"31TCG51",184,795,3.32065217391304,611
"31TCG50",310,807,1.60322580645161,497
"31TCG49",813,1608,0.977859778597786,795
"31TCG42",465,934,1.00860215053763,469
"31TCG41",204,813,2.98529411764706,609
"31TCG44",328,1360,3.14634146341463,1032
"31TCG43",339,1079,2.18289085545723,740
"31TCG46",878,1498,0.706150341685649,620
"31TCG45",611,1444,1.3633387888707,833
"31TCG48",778,1503,0.931876606683805,725
"31TCG47",593,1539,1.59527824620573,946
"31TCG40",292,851,1.91438356164384,559
"31TCG17",492,1367,1.77845528455285,875
"31TCG16",457,1332,1.91466083150985,875
"31TCG19",1047,1779,0.699140401146132,732
"31TCG18",827,1634,0.975816203143894,807
"31TCG11",463,1037,1.23974082073434,574
"31TCG10",431,920,1.13457076566125,489
"31TCG13",834,1318,0.580335731414868,484
"31TCG12",668,1151,0.723053892215569,483
"31TCG15",721,1292,0.791955617198336,571
"31TCG14",844,1347,0.595971563981043,503
"31TCG06",592,1331,1.24831081081081,739
"31TCG05",536,1301,1.42723880597015,765
"31TCG08",701,1629,1.32382310984308,928
"31TCG07",700,1311,0.872857142857143,611
"31TCG09",1015,1792,0.76551724137931,777
"31TCG00",575,908,0.579130434782609,333
"31TCG02",622,1144,0.839228295819936,522
"31TCG01",468,1013,1.16452991452991,545
"31TCG04",740,1360,0.837837837837838,620
"31TCG03",641,1304,1.03432137285491,663
"31TBE65",456,913,1.00219298245614,457
"31TBE64",43,726,15.8837209302326,683
"31TBE67",408,1124,1.75490196078431,716
"31TBE66",535,1053,0.968224299065421,518
"31TBE69",725,1410,0.944827586206897,685
"31TBE68",676,1351,0.998520710059172,675
"31TBE54",588,956,0.625850340136054,368
"31TBE53",271,856,2.15867158671587,585
"31TBE56",375,942,1.512,567
"31TBE55",316,1058,2.34810126582278,742
"31TBE58",425,1203,1.83058823529412,778
"31TBE57",471,974,1.06794055201699,503
"31TBE59",930,1339,0.439784946236559,409
"31TBE87",301,1067,2.54485049833887,766
"31TBE89",856,1256,0.467289719626168,400
"31TBE88",831,1196,0.439229843561974,365
"31TCH90",606,1733,1.85973597359736,1127
"31TCH92",378,1199,2.17195767195767,821
"31TCH91",703,1411,1.00711237553343,708
"31TBE76",510,1003,0.966666666666667,493
"31TBE75",3,771,256,768
"31TBE78",694,1254,0.806916426512968,560
"31TBE77",834,1147,0.375299760191847,313
"31TBE79",751,1442,0.920106524633822,691
"31TCH81",962,1619,0.682952182952183,657
"31TCH80",800,1780,1.225,980
"31TCH82",291,1349,3.63573883161512,1058
"31TBE43",535,895,0.672897196261682,360
"31TBE45",209,957,3.57894736842105,748
"31TBE44",651,924,0.419354838709677,273
"31TCH52",604,1493,1.47185430463576,889
"31TBE47",316,745,1.35759493670886,429
"31TCH51",693,1515,1.18614718614719,822
"31TBE46",320,711,1.221875,391
"31TBE49",539,1176,1.18181818181818,637
"31TCH53",564,1262,1.23758865248227,698
"31TBE48",393,1070,1.72264631043257,677
"31TCH50",893,1544,0.729003359462486,651
"31TCH41",1080,1654,0.531481481481481,574
"31TCH40",693,1623,1.34199134199134,930
"31TCH43",620,1394,1.24838709677419,774
"31TCH42",938,1583,0.687633262260128,645
"31TCH70",1089,1723,0.5821854912764,634
"31TCH72",650,1404,1.16,754
"31TCH71",1043,1613,0.546500479386385,570
"31TEE93",451,964,1.13747228381375,513
"31TCH63",531,1007,0.896421845574388,476
"31TCH62",489,1409,1.88139059304703,920
"31TCH61",777,1606,1.06692406692407,829
"31TCH60",784,1672,1.13265306122449,888
"31TEE83",425,975,1.29411764705882,550
"31TBE99",283,1151,3.06713780918728,868
"31TDH80",582,1596,1.74226804123711,1014
"31TDH10",829,1589,0.916767189384801,760
"31TCH10",1243,1773,0.426387771520515,530
"31TCH12",1101,1762,0.600363306085377,661
"31TCH11",1055,1749,0.65781990521327,694
"31TCH14",868,1561,0.798387096774194,693
"31TCH13",1097,1737,0.583409298085688,640
"31TCH04",607,1498,1.46787479406919,891
"31TCH01",957,1800,0.880877742946709,843
"31TCH00",1046,1830,0.749521988527725,784
"31TCH03",1145,1691,0.476855895196507,546
"31TCH02",998,1741,0.744488977955912,743
"31TCH30",1086,1670,0.537753222836096,584
"31TCH32",959,1629,0.698644421272159,670
"31TCH31",1152,1664,0.444444444444444,512
"31TCH34",439,1256,1.86104783599089,817
"31TCH33",677,1522,1.24815361890694,845
"31TCH21",1102,1729,0.568965517241379,627
"31TCH20",898,1745,0.943207126948775,847
"31TCH23",937,1651,0.762006403415155,714
"31TCH22",988,1675,0.695344129554656,687
"31TCH24",677,1478,1.18316100443131,801
"31TDH90",1003,1571,0.56630109670987,568
"31TCE09",145,939,5.47586206896552,794
"31TDH00",823,1687,1.0498177399757,864
"31TDH01",668,1345,1.01347305389222,677
"31TCF54",6,782,129.333333333333,776
"31TCF56",313,1107,2.53674121405751,794
"31TCF55",652,904,0.386503067484663,252
"31TCF58",524,1086,1.07251908396947,562
"31TCF57",603,1089,0.805970149253731,486
"31TCF59",448,1043,1.328125,595
"31TCF45",107,1101,9.28971962616822,994
"31TCF44",83,797,8.60240963855422,714
"31TCF47",453,1212,1.67549668874172,759
"31TCF46",298,1277,3.28523489932886,979
"31TCF49",404,1078,1.66831683168317,674
"31TCF48",696,1211,0.739942528735632,515
"31TCF76",320,856,1.675,536
"31TCF75",33,683,19.6969696969697,650
"31TCF78",395,1056,1.67341772151899,661
"31TCF77",349,951,1.72492836676218,602
"31TCF79",602,1088,0.807308970099668,486
"31TCF65",428,849,0.983644859813084,421
"31TCF67",401,976,1.43391521197007,575
"31TCF66",354,1034,1.92090395480226,680
"31TCF69",397,956,1.4080604534005,559
"31TCF68",652,983,0.507668711656442,331
"31TCF18",469,1137,1.42430703624733,668
"31TCF17",588,1267,1.1547619047619,679
"31TCF19",507,920,0.814595660749507,413
"31TCF10",311,513,0.64951768488746,202
"31TCF12",78,782,9.02564102564103,704
"31TCF11",92,698,6.58695652173913,606
"31TCF14",661,1128,0.706505295007564,467
"31TCF13",493,925,0.876267748478702,432
"31TCF16",948,1304,0.375527426160338,356
"31TCF15",762,1262,0.656167979002625,500
"31TCF07",413,1165,1.82082324455206,752
"31TCF06",783,1209,0.544061302681992,426
"31TCF09",454,890,0.960352422907489,436
"31TCF08",403,954,1.36724565756824,551
"31TCF01",348,1082,2.10919540229885,734
"31TCF00",395,1004,1.54177215189873,609
"31TCF03",442,1164,1.63348416289593,722
"31TCF02",429,1101,1.56643356643357,672
"31TCF05",724,1228,0.696132596685083,504
"31TCF04",555,1199,1.16036036036036,644
"31TCF39",446,1101,1.46860986547085,655
"31TCF34",452,901,0.993362831858407,449
"31TCF36",821,1287,0.567600487210719,466
"31TCF35",58,1205,19.7758620689655,1147
"31TCF38",691,1285,0.859623733719247,594
"31TCF37",961,1301,0.353798126951093,340
"31TCF29",477,1022,1.14255765199161,545
"31TCF28",457,1290,1.82275711159737,833
"31TCF21",14,377,25.9285714285714,363
"31TCF20",14,328,22.4285714285714,314
"31TCF23",75,903,11.04,828
"31TCF25",668,1296,0.940119760479042,628
"31TCF24",183,1100,5.01092896174863,917
"31TCF27",859,1350,0.571594877764843,491
"31TCF26",872,1335,0.530963302752294,463
"31TCF98",479,1384,1.88935281837161,905
"31TCF97",525,1055,1.00952380952381,530
"31TCF99",1190,1539,0.29327731092437,349
"31TCF96",476,965,1.02731092436975,489
"31TCF87",261,925,2.54406130268199,664
"31TCF86",348,817,1.34770114942529,469
"31TCF89",816,1381,0.692401960784314,565
"31TCF88",388,1336,2.44329896907217,948
"31TDF29",420,1514,2.6047619047619,1094
"31TDF26",15,1244,81.9333333333333,1229
"31TDF28",1057,1531,0.448438978240303,474
"31TDF27",781,1481,0.89628681177977,700
"31TDF19",455,1610,2.53846153846154,1155
"31TDF18",603,1477,1.44941956882255,874
"31TDF17",1063,1438,0.35277516462841,375
"31TDF16",602,1304,1.16611295681063,702
"31TDF49",706,1385,0.961756373937677,679
"31TDF37",42,1330,30.6666666666667,1288
"31TDF39",909,1458,0.603960396039604,549
"31TDF38",686,1456,1.12244897959184,770
"31TDF08",567,1508,1.65961199294533,941
"31TDF07",587,1302,1.21805792163543,715
"31TDF09",864,1557,0.802083333333333,693
"31TDF06",737,1249,0.694708276797829,512
"31TDF59",98,1175,10.9897959183673,1077
"31TBH83",538,1310,1.43494423791822,772
"31TBH80",980,1762,0.797959183673469,782
"31TBH82",778,1665,1.1401028277635,887
"31TBH81",1118,1750,0.565295169946333,632
"31TBH73",702,1372,0.954415954415954,670
"31TBH72",754,1711,1.26923076923077,957
"31TBH71",1015,1776,0.749753694581281,761
"31TBH70",1010,1737,0.71980198019802,727
"31TBH91",935,1770,0.893048128342246,835
"31TBH90",958,1813,0.892484342379958,855
"31TBH93",705,1532,1.17304964539007,827
"31TBH92",813,1707,1.09963099630996,894
"31TDG43",500,1500,2,1000
"31TDG42",818,1489,0.820293398533007,671
"31TDG45",846,1604,0.895981087470449,758
"31TDG44",879,1512,0.720136518771331,633
"31TDG47",1091,1898,0.739688359303391,807
"31TDG46",1122,1717,0.53030303030303,595
"31TDG49",791,1814,1.29329962073325,1023
"31TDG48",1021,1991,0.950048971596474,970
"31TDG41",932,1520,0.630901287553648,588
"31TDG40",752,1482,0.970744680851064,730
"31TDG39",1230,1796,0.460162601626016,566
"31TDG32",798,1424,0.784461152882206,626
"31TDG31",872,1471,0.686926605504587,599
"31TDG34",893,1402,0.569988801791713,509
"31TDG33",482,1437,1.98132780082988,955
"31TDG36",821,1671,1.0353227771011,850
"31TDG35",815,1543,0.893251533742331,728
"31TDG38",1350,1897,0.405185185185185,547
"31TDG37",1071,1848,0.725490196078431,777
"31TDG30",527,1480,1.80834914611006,953
"31TDG65",741,1610,1.17273954116059,869
"31TDG64",786,1522,0.936386768447837,736
"31TDG67",878,1795,1.04441913439636,917
"31TDG66",1081,1693,0.566142460684551,612
"31TDG68",828,1893,1.28623188405797,1065
"31TDG61",1004,1488,0.48207171314741,484
"31TDG60",743,1281,0.724091520861373,538
"31TDG63",749,1543,1.06008010680908,794
"31TDG62",826,1517,0.836561743341404,691
"31TDG54",868,1518,0.748847926267281,650
"31TDG53",658,1508,1.29179331306991,850
"31TDG56",1043,1737,0.665388302972196,694
"31TDG55",915,1655,0.808743169398907,740
"31TDG58",988,1856,0.878542510121457,868
"31TDG57",1254,1794,0.430622009569378,540
"31TDG59",992,1622,0.63508064516129,630
"31TDG50",936,1425,0.522435897435897,489
"31TDG52",804,1509,0.876865671641791,705
"31TDG51",849,1534,0.806831566548881,685
"31TDG07",1091,1868,0.712190650779102,777
"31TDG06",989,1621,0.639029322548028,632
"31TDG09",968,1880,0.942148760330578,912
"31TDG08",1221,1885,0.543816543816544,664
"31TDG01",600,1504,1.50666666666667,904
"31TDG00",1271,1570,0.235247836349331,299
"31TDG03",262,940,2.58778625954198,678
"31TDG02",161,1150,6.14285714285714,989
"31TDG05",618,1387,1.24433656957929,769
"31TDG04",337,1080,2.20474777448071,743
"31TDG29",924,1857,1.00974025974026,933
"31TDG28",1317,1933,0.467729688686409,616
"31TDG21",866,1428,0.648960739030023,562
"31TDG20",723,1473,1.03734439834025,750
"31TDG23",415,1275,2.07228915662651,860
"31TDG22",708,1343,0.896892655367232,635
"31TDG25",607,1377,1.26853377265239,770
"31TDG24",371,1257,2.38814016172507,886
"31TDG27",1125,1822,0.619555555555556,697
"31TDG26",769,1590,1.06762028608583,821
"31TDG18",1162,1941,0.67039586919105,779
"31TDG17",1036,1892,0.826254826254826,856
"31TDG19",812,1889,1.32635467980296,1077
"31TDG10",930,1528,0.643010752688172,598
"31TDG12",611,1204,0.970540098199673,593
"31TDG11",930,1524,0.638709677419355,594
"31TDG14",192,1008,4.25,816
"31TDG13",83,1002,11.0722891566265,919
"31TDG16",602,1651,1.74252491694352,1049
"31TDG15",403,1345,2.33746898263027,942
"31TBH62",984,1726,0.754065040650406,742
"31TBH61",1003,1723,0.717846460618146,720
"31TBH63",639,1447,1.26447574334898,808
"31TBH60",769,1612,1.0962288686606,843
"31TBH51",786,1560,0.984732824427481,774
"31TBH50",533,1392,1.61163227016886,859
"31TBH53",912,1351,0.481359649122807,439
"31TBH52",881,1584,0.797956867196368,703
"31TDG87",945,1801,0.905820105820106,856
"31TDG86",647,1619,1.50231839258114,972
"31TDG89",987,1823,0.847011144883485,836
"31TDG88",1074,1890,0.759776536312849,816
"31TDG81",777,1226,0.577863577863578,449
"31TDG83",649,1313,1.0231124807396,664
"31TDG82",391,1331,2.40409207161125,940
"31TDG85",409,1434,2.50611246943765,1025
"31TDG84",446,1339,2.00224215246637,893
"31TDG76",764,1592,1.08376963350785,828
"31TDG75",732,1543,1.10792349726776,811
"31TDG78",970,1770,0.824742268041237,800
"31TDG77",1064,1734,0.629699248120301,670
"31TDG79",804,1631,1.02860696517413,827
"31TDG70",160,1253,6.83125,1093
"31TDG72",912,1458,0.598684210526316,546
"31TDG71",827,1381,0.669891172914148,554
"31TDG74",632,1417,1.24208860759494,785
"31TDG73",875,1443,0.649142857142857,568
"31TDG98",1058,1828,0.727788279773157,770
"31TDG97",862,1714,0.988399071925754,852
"31TDG99",1202,1819,0.513311148086522,617
"31TDG92",576,1096,0.902777777777778,520
"31TDG91",93,934,9.04301075268817,841
"31TDG94",477,1206,1.52830188679245,729
"31TDG93",503,1186,1.35785288270378,683
"31TDG96",850,1482,0.743529411764706,632
"31TDG95",691,1349,0.952243125904486,658
"31TFE03",109,811,6.44036697247706,702
"31TEG19",484,1473,2.04338842975207,989
"31TEG18",937,1454,0.551760939167556,517
"31TEG13",87,744,7.55172413793103,657
"31TEG15",385,1067,1.77142857142857,682
"31TEG14",168,851,4.06547619047619,683
"31TEG17",833,1414,0.697478991596639,581
"31TEG16",98,1351,12.7857142857143,1253
"31TEG08",928,1747,0.882543103448276,819
"31TEG07",1172,1577,0.345563139931741,405
"31TEG09",606,1766,1.91419141914191,1160
"31TEG02",92,824,7.95652173913043,732
"31TEG04",597,1093,0.830820770519263,496
"31TEG03",459,1007,1.19389978213508,548
"31TEG06",896,1400,0.5625,504
"31TEG05",391,1231,2.14833759590793,840
"31TEG28",718,1137,0.583565459610028,419
"31TEG27",329,1115,2.38905775075988,786
